{"type":"FeatureCollection","network":"transit","retrieved":"2026-10-08T03:22:37.812370+00:00","sources":{"Municipal_Development_Plan_Primary_Transit_Network_Lines":{"url":"https://services1.arcgis.com/AVP60cs0Q9PEA8rH/arcgis/rest/services/Municipal_Development_Plan_Primary_Transit_Network_Lines/FeatureServer/0","featureCount":98},"Municipal_Development_Plan_Primary_Transit_Network_Points":{"url":"https://services1.arcgis.com/AVP60cs0Q9PEA8rH/arcgis/rest/services/Municipal_Development_Plan_Primary_Transit_Network_Points/FeatureServer/0","featureCount":91}},"featureCount":189,"features":[{"type":"Feature","id":"006c5008-202e-44bd-84fd-5356f08c3eb4","properties":{"category":"primary-transit","designation":"Primary Transit Network","priority":null,"source":"Municipal_Development_Plan_Primary_Transit_Network_Lines"},"geometry":{"type":"LineString","coordinates":[[-114.051837,51.088685],[-114.051799,51.088435],[-114.051757,51.08766],[-114.051695,51.086823],[-114.051681,51.086476],[-114.051827,51.085881],[-114.052057,51.084917],[-114.052385,51.083639],[-114.052489,51.083421],[-114.052641,51.083259],[-114.052857,51.083106],[-114.05343,51.082775],[-114.05418,51.082342],[-114.054305,51.082234],[-114.054422,51.082073],[-114.054478,51.081971],[-114.054519,51.081851],[-114.054587,51.08156],[-114.054665,51.08118],[-114.054998,51.079596],[-114.056247,51.073983],[-114.056287,51.07385],[-114.05633,51.073594],[-114.056336,51.073276],[-114.056303,51.072635],[-114.056267,51.072409],[-114.056194,51.0715],[-114.056127,51.070593],[-114.056108,51.070361],[-114.056068,51.069874],[-114.056061,51.069684],[-114.056087,51.069456],[-114.056114,51.069228],[-114.056091,51.068773],[-114.056122,51.067864],[-114.056155,51.066956],[-114.056199,51.065959],[-114.056194,51.065507],[-114.056226,51.065064],[-114.056254,51.064175],[-114.056262,51.063867],[-114.056221,51.063753],[-114.056051,51.063276],[-114.055936,51.063013],[-114.055858,51.062833],[-114.055755,51.062424],[-114.055534,51.061803],[-114.055435,51.061526],[-114.055252,51.061015],[-114.055018,51.060622],[-114.054684,51.060229],[-114.054409,51.059804],[-114.054349,51.059583],[-114.05432,51.059352],[-114.054325,51.058867],[-114.054328,51.057981],[-114.054326,51.057408],[-114.054285,51.057215],[-114.054059,51.056937],[-114.05387,51.056784],[-114.053586,51.056564],[-114.052409,51.055647],[-114.051783,51.055208],[-114.051008,51.054684],[-114.050674,51.054419],[-114.050503,51.054229],[-114.050377,51.054001],[-114.050303,51.053652],[-114.050297,51.053275],[-114.050295,51.05279],[-114.050293,51.051914],[-114.050316,51.050793],[-114.050401,51.050422],[-114.050531,51.050088],[-114.050732,51.049736],[-114.051079,51.049373],[-114.05169,51.048953],[-114.0514,51.048822]]}},{"type":"Feature","id":"00833fda-2089-4007-ab85-f9e233bd83f8","properties":{"category":"primary-transit","designation":"Primary Transit Network","priority":null,"source":"Municipal_Development_Plan_Primary_Transit_Network_Lines"},"geometry":{"type":"LineString","coordinates":[[-114.001264,50.956574],[-114.001477,50.956514],[-114.001695,50.956461],[-114.001916,50.956414],[-114.00214,50.956372],[-114.002366,50.956338],[-114.002595,50.956309],[-114.002826,50.956287],[-114.003058,50.956271],[-114.003291,50.956262],[-114.003524,50.95626],[-114.003758,50.956264],[-114.00399,50.956274],[-114.004222,50.956291],[-114.004453,50.956315],[-114.004681,50.956344],[-114.004907,50.956381],[-114.005131,50.956423],[-114.005351,50.956472],[-114.005568,50.956526],[-114.00578,50.956587],[-114.006033,50.956655],[-114.006282,50.95673],[-114.006525,50.95681],[-114.006764,50.956896],[-114.006997,50.956988],[-114.007225,50.957086],[-114.007446,50.957189],[-114.007661,50.957297],[-114.007868,50.957411],[-114.008069,50.957529],[-114.008263,50.957653],[-114.008448,50.957781],[-114.008581,50.95792],[-114.008706,50.958063],[-114.008822,50.958209],[-114.00893,50.958357],[-114.009028,50.958507],[-114.009118,50.95866],[-114.009198,50.958815],[-114.009269,50.958972],[-114.009331,50.95913],[-114.009383,50.959289],[-114.009425,50.95945],[-114.009421,50.959588],[-114.009427,50.959727],[-114.009444,50.959865],[-114.009472,50.960002],[-114.009511,50.960138],[-114.00956,50.960273],[-114.009619,50.960406],[-114.009689,50.960537],[-114.009768,50.960666],[-114.009858,50.960792],[-114.009958,50.960915],[-114.010066,50.961035],[-114.010184,50.961152],[-114.010311,50.961265],[-114.010447,50.961373],[-114.010591,50.961478],[-114.010742,50.961577],[-114.010902,50.961672],[-114.011069,50.961833],[-114.011227,50.961997],[-114.011376,50.962164],[-114.011515,50.962335],[-114.011644,50.962509],[-114.011763,50.962685],[-114.011872,50.962865],[-114.011971,50.963046],[-114.012059,50.96323],[-114.012136,50.963416],[-114.012348,50.963907],[-114.012551,50.9644],[-114.012744,50.964894],[-114.012928,50.96539],[-114.013102,50.965887],[-114.013266,50.966386],[-114.013346,50.966637],[-114.013436,50.966887],[-114.013535,50.967135],[-114.013644,50.967382],[-114.013763,50.967626],[-114.013891,50.967869],[-114.013963,50.968038],[-114.014044,50.968204],[-114.014134,50.968369],[-114.014234,50.968532],[-114.014343,50.968692],[-114.014462,50.968849],[-114.014589,50.969004],[-114.014724,50.969156],[-114.014869,50.969305],[-114.015005,50.969527],[-114.015131,50.969751],[-114.015246,50.969978],[-114.015351,50.970207],[-114.015445,50.970438],[-114.015529,50.97067],[-114.015602,50.970904],[-114.015664,50.971139],[-114.015716,50.971375],[-114.015757,50.971612],[-114.015786,50.971849],[-114.015805,50.972087],[-114.015813,50.972325],[-114.01581,50.972563],[-114.015796,50.972802],[-114.015822,50.9782],[-114.015825,50.978611],[-114.015831,50.979442],[-114.015819,50.980648],[-114.015817,50.98069]]}},{"type":"Feature","id":"01ed226a-a4fe-477a-8cac-ea003b330b89","properties":{"category":"primary-transit","designation":"Primary Transit Network","priority":null,"source":"Municipal_Development_Plan_Primary_Transit_Network_Lines"},"geometry":{"type":"LineString","coordinates":[[-114.211136,51.183295],[-114.16133,51.183353],[-114.036463,51.18335]]}},{"type":"Feature","id":"028f6b50-63b4-458c-90af-5fd5c39e5ab5","properties":{"category":"hub","designation":"Primary Transit Hub","priority":null,"source":"Municipal_Development_Plan_Primary_Transit_Network_Points"},"geometry":{"type":"Point","coordinates":[-114.072262,51.127757]}},{"type":"Feature","id":"074971ea-599d-4a8f-898d-de77dd63d732","properties":{"category":"primary-transit","designation":"Primary Transit Network","priority":null,"source":"Municipal_Development_Plan_Primary_Transit_Network_Lines"},"geometry":{"type":"LineString","coordinates":[[-114.060515,51.046452],[-114.060651,51.044547],[-114.060811,51.04231],[-114.061136,51.037839],[-114.061286,51.035731],[-114.06127,51.035402],[-114.061045,51.035107],[-114.060678,51.034803],[-114.060339,51.034577],[-114.06009,51.034289],[-114.059649,51.033675],[-114.059689,51.030515],[-114.059704,51.02895],[-114.059685,51.028594],[-114.059618,51.028314],[-114.059476,51.027957],[-114.059372,51.02763],[-114.059306,51.027333],[-114.059249,51.026869],[-114.059002,51.025311],[-114.059001,51.024984],[-114.059057,51.024675],[-114.05932,51.023533],[-114.059442,51.0232],[-114.059602,51.022915],[-114.059865,51.022564],[-114.060675,51.02144],[-114.062707,51.018626],[-114.063705,51.017252],[-114.064006,51.016782],[-114.064213,51.016383],[-114.064416,51.015978],[-114.065841,51.012888],[-114.0678,51.008725],[-114.069811,51.00562],[-114.070596,51.004364],[-114.071351,51.003135],[-114.071519,51.002847],[-114.071579,51.002691],[-114.071603,51.002513],[-114.071602,51.001397],[-114.071567,50.99424],[-114.071585,50.979578],[-114.071634,50.965028],[-114.071645,50.957611],[-114.072161,50.957616],[-114.072681,50.957717],[-114.072898,50.957757],[-114.073216,50.95778],[-114.07432,50.957782],[-114.074499,50.957768]]}},{"type":"Feature","id":"09594d5f-8e72-4aa9-b397-e8b405238b5b","properties":{"category":"primary-transit","designation":"Primary Transit Network","priority":null,"source":"Municipal_Development_Plan_Primary_Transit_Network_Lines"},"geometry":{"type":"LineString","coordinates":[[-113.947209,51.126517],[-113.946862,51.126472],[-113.946356,51.126407],[-113.94601,51.126363],[-113.945753,51.12633],[-113.945442,51.126287],[-113.945276,51.126253],[-113.945137,51.126214],[-113.944959,51.126148],[-113.944889,51.126117],[-113.94482,51.126082],[-113.944701,51.12601],[-113.944652,51.125977],[-113.944526,51.125873],[-113.944409,51.12574],[-113.944354,51.125657],[-113.944301,51.125548],[-113.94427,51.125436],[-113.944259,51.125343],[-113.944258,51.125231],[-113.944257,51.125148],[-113.944257,51.125086],[-113.944259,51.124879],[-113.944259,51.124765],[-113.944258,51.12457],[-113.944258,51.124494],[-113.944258,51.124389],[-113.944258,51.124311],[-113.94426,51.124123],[-113.944261,51.123904],[-113.944261,51.123571],[-113.944261,51.12319],[-113.944262,51.12281],[-113.94426,51.122614],[-113.944255,51.12243],[-113.944276,51.122303],[-113.944364,51.122082],[-113.944434,51.121982],[-113.94452,51.121889],[-113.944619,51.121801],[-113.944785,51.121689],[-113.94494,51.121608],[-113.945142,51.12153],[-113.945596,51.121426],[-113.94597,51.121394],[-113.946155,51.121392],[-113.946305,51.121389],[-113.946486,51.121335],[-113.946545,51.121299],[-113.946605,51.121231],[-113.946629,51.121225]]}},{"type":"Feature","id":"0a271b7f-a483-4b52-bc93-5cef51a942a4","properties":{"category":"hub","designation":"Primary Transit Hub","priority":null,"source":"Municipal_Development_Plan_Primary_Transit_Network_Points"},"geometry":{"type":"Point","coordinates":[-113.946982,51.154532]}},{"type":"Feature","id":"0aeb58c3-8f09-475e-8d82-ea0f41118ac0","properties":{"category":"lrt","designation":"Skeletal Light Rail Transit","priority":null,"source":"Municipal_Development_Plan_Primary_Transit_Network_Lines"},"geometry":{"type":"LineString","coordinates":[[-114.058053,51.0415],[-114.057922,51.041558],[-114.057796,51.041621],[-114.057677,51.04169],[-114.057566,51.041763],[-114.057462,51.04184],[-114.057367,51.041922],[-114.05728,51.042008],[-114.057202,51.042096],[-114.057134,51.042188],[-114.057075,51.042283],[-114.056801,51.042515],[-114.056522,51.042745],[-114.056238,51.042973],[-114.056077,51.043048],[-114.05591,51.043118],[-114.055738,51.043182],[-114.05556,51.04324],[-114.055377,51.043292],[-114.055191,51.043338],[-114.055,51.043377],[-114.054807,51.04341],[-114.054611,51.043436],[-114.054413,51.043455],[-114.054214,51.043468],[-114.054014,51.043474],[-114.053813,51.043473],[-114.053613,51.043465],[-114.053415,51.04345]]}},{"type":"Feature","id":"0da2916e-c28d-4333-9ad3-db56611182ca","properties":{"category":"primary-transit","designation":"Primary Transit Network","priority":null,"source":"Municipal_Development_Plan_Primary_Transit_Network_Lines"},"geometry":{"type":"LineString","coordinates":[[-114.145341,51.172332],[-114.145472,51.165052],[-114.145393,51.164792],[-114.145202,51.164547],[-114.145034,51.164357],[-114.144552,51.163965],[-114.143629,51.163288],[-114.143285,51.162982],[-114.142971,51.162662],[-114.142481,51.162061],[-114.142108,51.16153],[-114.141921,51.161072],[-114.141605,51.160433],[-114.141446,51.160004],[-114.141229,51.15853],[-114.141193,51.157131],[-114.141194,51.156651],[-114.141194,51.155628],[-114.141142,51.155174],[-114.141194,51.154522],[-114.141137,51.153706],[-114.14098,51.153017],[-114.140734,51.152367],[-114.140388,51.151649],[-114.139969,51.150982],[-114.139603,51.150501],[-114.138857,51.149695],[-114.138171,51.149091],[-114.137439,51.148608],[-114.136874,51.148126],[-114.135655,51.147475],[-114.134736,51.147091],[-114.133448,51.146619],[-114.132442,51.146293],[-114.131478,51.145973],[-114.130295,51.145589],[-114.129153,51.145211],[-114.128284,51.144919],[-114.127416,51.144627],[-114.126338,51.144181],[-114.125566,51.143759],[-114.124608,51.143199],[-114.123865,51.14264],[-114.12333,51.142172],[-114.12294,51.141776],[-114.12249,51.141297],[-114.122148,51.140819],[-114.121916,51.140415],[-114.121617,51.139753],[-114.12147,51.13932],[-114.121359,51.138878],[-114.121291,51.138447],[-114.121261,51.137653],[-114.121358,51.136847],[-114.121521,51.136181],[-114.121782,51.135527],[-114.122139,51.134891],[-114.122585,51.134278],[-114.122756,51.134066],[-114.122937,51.133857],[-114.123127,51.133651],[-114.123327,51.133449],[-114.123535,51.13325],[-114.123753,51.133056],[-114.123979,51.132865],[-114.124214,51.132679],[-114.124458,51.132497],[-114.12471,51.132319],[-114.124969,51.132146],[-114.125237,51.131978],[-114.125512,51.131815],[-114.125795,51.131657],[-114.126084,51.131504],[-114.126381,51.131356],[-114.126684,51.131214],[-114.126993,51.131077],[-114.127309,51.130946],[-114.12766,51.130798],[-114.128006,51.130644],[-114.128345,51.130485],[-114.128678,51.130321],[-114.129004,51.130151],[-114.129323,51.129977],[-114.129635,51.129797],[-114.12994,51.129612],[-114.130237,51.129423],[-114.130526,51.129229],[-114.130808,51.12903],[-114.131081,51.128827],[-114.131347,51.12862],[-114.131603,51.128408],[-114.131852,51.128193],[-114.132091,51.127973],[-114.132322,51.12775],[-114.132543,51.127523],[-114.132755,51.127293],[-114.132958,51.127059],[-114.133152,51.126823],[-114.133313,51.126599],[-114.133464,51.126372],[-114.133605,51.126142],[-114.133736,51.125911],[-114.133857,51.125677],[-114.133968,51.125441],[-114.134069,51.125203],[-114.134159,51.124964],[-114.134239,51.124723],[-114.134309,51.124481],[-114.13436,51.124153],[-114.134402,51.123825],[-114.134435,51.123496],[-114.134458,51.123167],[-114.134472,51.122838],[-114.134477,51.122508],[-114.134472,51.122179],[-114.134458,51.121849],[-114.134434,51.12152],[-114.13434,51.121116],[-114.134257,51.120711],[-114.134184,51.120305],[-114.134123,51.119898],[-114.134073,51.119491],[-114.133827,51.117706],[-114.13381,51.117499],[-114.133803,51.117292],[-114.133807,51.117085],[-114.133822,51.116879],[-114.133848,51.116673],[-114.133884,51.116467],[-114.133931,51.116262],[-114.133989,51.116059],[-114.134057,51.115856],[-114.134136,51.115656],[-114.134225,51.115456],[-114.134325,51.115259],[-114.134435,51.115064],[-114.134555,51.114872],[-114.134685,51.114682],[-114.134825,51.114495],[-114.134975,51.114311],[-114.135134,51.11413],[-114.135302,51.113952],[-114.13548,51.113778],[-114.135666,51.113608],[-114.136919,51.112517],[-114.137388,51.112092],[-114.137862,51.111668],[-114.138339,51.111246],[-114.138544,51.11107],[-114.13874,51.11089],[-114.138928,51.110706],[-114.139106,51.110519],[-114.139275,51.110329],[-114.139435,51.110135],[-114.139586,51.109939],[-114.139727,51.109739],[-114.139858,51.109537],[-114.139979,51.109333],[-114.140091,51.109126],[-114.140227,51.108812],[-114.140352,51.108496],[-114.140467,51.108179],[-114.14057,51.10786],[-114.140663,51.10754],[-114.140733,51.106229],[-114.140726,51.106045],[-114.140728,51.10586],[-114.14074,51.105675],[-114.140762,51.105491],[-114.140793,51.105307],[-114.140834,51.105124],[-114.140884,51.104942],[-114.140943,51.104761],[-114.141012,51.104582],[-114.14109,51.104404],[-114.141155,51.104267],[-114.141229,51.104131],[-114.141312,51.103998],[-114.141403,51.103867],[-114.141503,51.103739],[-114.141611,51.103613],[-114.141728,51.10349],[-114.141852,51.103371],[-114.142742,51.102623],[-114.147467,51.099415],[-114.149635,51.097931],[-114.150809,51.097128],[-114.151397,51.096633],[-114.151564,51.096485],[-114.151737,51.096339],[-114.151918,51.096197],[-114.152105,51.096058],[-114.152298,51.095923],[-114.152498,51.095792],[-114.152704,51.095664],[-114.153129,51.095359],[-114.153548,51.095051],[-114.153959,51.094738],[-114.154108,51.094581],[-114.154251,51.094422],[-114.154387,51.09426],[-114.154515,51.094095],[-114.154637,51.093929],[-114.154728,51.093747],[-114.154809,51.093563],[-114.154882,51.093378],[-114.154946,51.093192],[-114.155001,51.093005],[-114.155016,51.09279],[-114.15502,51.092576],[-114.155014,51.092361],[-114.154998,51.092147],[-114.153012,51.085961],[-114.152457,51.084197],[-114.152269,51.082844],[-114.15224,51.08149],[-114.152194,51.07649],[-114.152069,51.075185],[-114.151675,51.074051],[-114.151072,51.073087],[-114.148435,51.069402],[-114.14826,51.06913],[-114.148075,51.068842],[-114.147935,51.068407],[-114.147967,51.067648],[-114.147982,51.066921],[-114.147894,51.066107],[-114.147823,51.065488],[-114.147924,51.064826],[-114.148267,51.064251],[-114.14866,51.063854],[-114.149114,51.063403]]}},{"type":"Feature","id":"10189376-b382-497d-b1a5-61ca0b04acdb","properties":{"category":"transit-centre","designation":"Transit Centre","priority":null,"source":"Municipal_Development_Plan_Primary_Transit_Network_Points"},"geometry":{"type":"Point","coordinates":[-114.084365,51.056259]}},{"type":"Feature","id":"110e6a5a-d054-4a65-88a3-bd4f36cc7216","properties":{"category":"primary-transit","designation":"Primary Transit Network","priority":null,"source":"Municipal_Development_Plan_Primary_Transit_Network_Lines"},"geometry":{"type":"LineString","coordinates":[[-114.084883,51.067093],[-114.08484,51.0659],[-114.084449,51.063706],[-114.084409,51.063344],[-114.084545,51.063041],[-114.085549,51.061903],[-114.086012,51.060763],[-114.085973,51.058369],[-114.085959,51.057118],[-114.085951,51.056628],[-114.085935,51.055602],[-114.085894,51.05257],[-114.085855,51.051927],[-114.083788,51.050134],[-114.083473,51.049864],[-114.084682,51.049948],[-114.085175,51.049842],[-114.085955,51.049598],[-114.085976,51.049095],[-114.086049,51.047989],[-114.086106,51.047176]]}},{"type":"Feature","id":"1129b003-84c4-4aa0-81f5-e2cc41e20fca","properties":{"category":"hub","designation":"Primary Transit Hub","priority":null,"source":"Municipal_Development_Plan_Primary_Transit_Network_Points"},"geometry":{"type":"Point","coordinates":[-113.954907,50.87945]}},{"type":"Feature","id":"118a1f0a-b2d3-48bf-b68b-8e9dc01a2e8b","properties":{"category":"primary-transit","designation":"Primary Transit Network","priority":null,"source":"Municipal_Development_Plan_Primary_Transit_Network_Lines"},"geometry":{"type":"LineString","coordinates":[[-114.164618,51.196906],[-114.164657,51.196678],[-114.164707,51.196451],[-114.164767,51.196226],[-114.164839,51.196001],[-114.164921,51.195778],[-114.165014,51.195557],[-114.165118,51.195338],[-114.165232,51.195121],[-114.165357,51.194906],[-114.165492,51.194693],[-114.165638,51.194483],[-114.165793,51.194276],[-114.165959,51.194072],[-114.166137,51.193927],[-114.166307,51.193778],[-114.166468,51.193625],[-114.16662,51.193468],[-114.166763,51.193308],[-114.166896,51.193144],[-114.16702,51.192978],[-114.167134,51.192809],[-114.167238,51.192637],[-114.167333,51.192464],[-114.167416,51.192288],[-114.16749,51.19211],[-114.167553,51.191931],[-114.167606,51.19175],[-114.167649,51.191569],[-114.16768,51.191386],[-114.167701,51.191203],[-114.167712,51.19102],[-114.167711,51.190836],[-114.1677,51.190653],[-114.167679,51.190469],[-114.167647,51.190287],[-114.167604,51.190105],[-114.16755,51.189925],[-114.167451,51.189748],[-114.167342,51.189573],[-114.167224,51.189401],[-114.167097,51.189231],[-114.166961,51.189063],[-114.166817,51.188899],[-114.166664,51.188738],[-114.166502,51.18858],[-114.166332,51.188425],[-114.166155,51.188274],[-114.165969,51.188127],[-114.165776,51.187984],[-114.165443,51.187743],[-114.165103,51.187506],[-114.164756,51.187273],[-114.164403,51.187044],[-114.164042,51.186819],[-114.163676,51.186599],[-114.163302,51.186382],[-114.162923,51.18617],[-114.162755,51.186048],[-114.162596,51.185921],[-114.162445,51.185791],[-114.162303,51.185656],[-114.16217,51.185518],[-114.162046,51.185377],[-114.161931,51.185233],[-114.161825,51.185086],[-114.161729,51.184936],[-114.161643,51.184784],[-114.161567,51.18463],[-114.161501,51.184474],[-114.161446,51.184316],[-114.1614,51.184157],[-114.161365,51.183997],[-114.161341,51.183837],[-114.161327,51.183676],[-114.161323,51.183514],[-114.16133,51.183353],[-114.16132,51.18323],[-114.161302,51.183107],[-114.161273,51.182985],[-114.161235,51.182864],[-114.161188,51.182745],[-114.161198,51.182623],[-114.161199,51.182501],[-114.16119,51.182379],[-114.161172,51.182257],[-114.161144,51.182136],[-114.161074,51.181898],[-114.160993,51.181661],[-114.160901,51.181425],[-114.160798,51.181192],[-114.160685,51.18096],[-114.160561,51.18073],[-114.160426,51.180503],[-114.160282,51.180278],[-114.160126,51.180056],[-114.15676,51.175207],[-114.155632,51.175503],[-114.154752,51.175699],[-114.153617,51.17586],[-114.145467,51.175902],[-114.145461,51.175072],[-114.145392,51.174758],[-114.145287,51.174471],[-114.144962,51.173642],[-114.144751,51.17312],[-114.144713,51.17289],[-114.144713,51.172327]]}},{"type":"Feature","id":"13a58766-0d21-4164-af7e-66392f753819","properties":{"category":"regional-hub","designation":"Regional/ Inter City Gateway Hub","priority":null,"source":"Municipal_Development_Plan_Primary_Transit_Network_Points"},"geometry":{"type":"Point","coordinates":[-114.05547,50.872809]}},{"type":"Feature","id":"17a5aa21-50fc-449c-b64d-a32cd88194af","properties":{"category":"primary-transit","designation":"Primary Transit Network","priority":null,"source":"Municipal_Development_Plan_Primary_Transit_Network_Lines"},"geometry":{"type":"LineString","coordinates":[[-114.07051,50.903157],[-114.07137,50.90303],[-114.072992,50.902838],[-114.074402,50.902711],[-114.075443,50.902651],[-114.076458,50.902603],[-114.076998,50.902589],[-114.078578,50.902581],[-114.079707,50.902606],[-114.080456,50.902637],[-114.081666,50.90271],[-114.082837,50.90281],[-114.083552,50.902885],[-114.084807,50.903043],[-114.085832,50.903198],[-114.087337,50.903466],[-114.088598,50.90373],[-114.089571,50.903955],[-114.09007,50.904071],[-114.090799,50.904245],[-114.092,50.904525],[-114.093089,50.904777],[-114.094528,50.905094],[-114.095357,50.905202],[-114.096119,50.905232],[-114.096847,50.905235],[-114.098463,50.905232],[-114.099734,50.90526],[-114.100192,50.905307],[-114.10093,50.905419],[-114.101512,50.905552],[-114.102465,50.905869],[-114.10334,50.90624],[-114.104315,50.906537],[-114.104915,50.906658],[-114.10562,50.906751],[-114.10633,50.906785],[-114.107842,50.906784],[-114.109025,50.906781],[-114.109898,50.906773],[-114.111366,50.906755],[-114.112876,50.906747],[-114.114457,50.906744],[-114.115687,50.906742],[-114.117813,50.906735],[-114.120425,50.906794]]}},{"type":"Feature","id":"18a503f3-2295-4451-8a4e-29beab48c66d","properties":{"category":"transit-centre","designation":"Transit Centre","priority":null,"source":"Municipal_Development_Plan_Primary_Transit_Network_Points"},"geometry":{"type":"Point","coordinates":[-114.173813,51.1952]}},{"type":"Feature","id":"18dde3f7-f75b-4398-8ac3-44ebd0c0f42d","properties":{"category":"regional-hub","designation":"Regional/ Inter City Gateway Hub","priority":null,"source":"Municipal_Development_Plan_Primary_Transit_Network_Points"},"geometry":{"type":"Point","coordinates":[-114.038282,51.141659]}},{"type":"Feature","id":"1c0df2ba-9786-4bd0-be6a-b0de47a5c952","properties":{"category":"transit-centre","designation":"Transit Centre","priority":null,"source":"Municipal_Development_Plan_Primary_Transit_Network_Points"},"geometry":{"type":"Point","coordinates":[-114.210983,51.064705]}},{"type":"Feature","id":"1dd0181c-dff0-43ed-929b-65d11e463865","properties":{"category":"hub","designation":"Primary Transit Hub","priority":null,"source":"Municipal_Development_Plan_Primary_Transit_Network_Points"},"geometry":{"type":"Point","coordinates":[-114.131111,51.086523]}},{"type":"Feature","id":"1eeb2ee9-1d0e-4a9d-a236-951a21e97937","properties":{"category":"transit-centre","designation":"Transit Centre","priority":null,"source":"Municipal_Development_Plan_Primary_Transit_Network_Points"},"geometry":{"type":"Point","coordinates":[-114.100267,51.044808]}},{"type":"Feature","id":"20c987bf-3ed8-48d1-b0be-069ff29c931c","properties":{"category":"transit-centre","designation":"Transit Centre","priority":null,"source":"Municipal_Development_Plan_Primary_Transit_Network_Points"},"geometry":{"type":"Point","coordinates":[-114.106455,50.961409]}},{"type":"Feature","id":"212679bb-bd73-4ffc-b877-d727f1534d6f","properties":{"category":"hub","designation":"Primary Transit Hub","priority":null,"source":"Municipal_Development_Plan_Primary_Transit_Network_Points"},"geometry":{"type":"Point","coordinates":[-113.981721,51.086306]}},{"type":"Feature","id":"21fd0f79-fa1d-4ef6-a7bd-652e1c923e6d","properties":{"category":"primary-transit","designation":"Primary Transit Network","priority":null,"source":"Municipal_Development_Plan_Primary_Transit_Network_Lines"},"geometry":{"type":"LineString","coordinates":[[-114.0951,50.973435],[-114.095203,50.961545]]}},{"type":"Feature","id":"232fd850-020d-4e81-939a-dd7035925a5d","properties":{"category":"lrt","designation":"Skeletal Light Rail Transit","priority":null,"source":"Municipal_Development_Plan_Primary_Transit_Network_Lines"},"geometry":{"type":"LineString","coordinates":[[-114.215686,51.038953],[-114.215302,51.038771],[-114.214852,51.038591],[-114.214315,51.038416],[-114.213643,51.03825],[-114.212916,51.038107],[-114.212126,51.037986],[-114.211306,51.0379],[-114.210655,51.037859],[-114.209732,51.037824],[-114.196999,51.037812],[-114.196407,51.037808],[-114.195708,51.037755],[-114.194685,51.037695],[-114.193999,51.037665],[-114.193461,51.037646],[-114.192366,51.037645]]}},{"type":"Feature","id":"23b6608c-771b-4892-8e4f-fceda3f89a7e","properties":{"category":"primary-transit","designation":"Primary Transit Network","priority":null,"source":"Municipal_Development_Plan_Primary_Transit_Network_Lines"},"geometry":{"type":"LineString","coordinates":[[-114.02589,50.892632],[-114.0246,50.892632],[-114.023092,50.892633],[-114.022101,50.892636],[-114.021349,50.892647],[-114.020347,50.892676],[-114.019257,50.892725],[-114.01824,50.892786],[-114.017138,50.892871],[-114.016123,50.892968],[-114.015118,50.89308],[-114.014018,50.893217],[-114.013263,50.893326],[-114.011956,50.893534],[-114.010953,50.893708],[-114.009941,50.893883],[-114.008912,50.894062],[-114.007962,50.894226],[-114.006778,50.894437],[-114.00562,50.894637],[-114.004618,50.894812],[-114.00361,50.894989],[-114.002416,50.895197],[-114.001298,50.895393],[-114.000284,50.895569],[-113.999464,50.895712],[-113.998082,50.895952],[-113.996951,50.896148],[-113.995913,50.896328],[-113.994801,50.896521],[-113.993621,50.896728],[-113.992902,50.896854],[-113.992333,50.896952],[-113.991832,50.897042]]}},{"type":"Feature","id":"243d8530-01a7-42df-900c-a8b02710b1e9","properties":{"category":"primary-transit","designation":"Primary Transit Network","priority":null,"source":"Municipal_Development_Plan_Primary_Transit_Network_Lines"},"geometry":{"type":"LineString","coordinates":[[-114.071529,51.044838],[-114.071528,51.044256],[-114.071522,51.043564],[-114.071499,51.043144],[-114.071491,51.042631],[-114.071491,51.041666],[-114.071491,51.040722],[-114.071518,51.039754],[-114.071492,51.038821],[-114.071492,51.037837],[-114.07152,51.037227],[-114.07152,51.036946],[-114.07152,51.036496],[-114.07152,51.036048],[-114.07152,51.035335],[-114.07152,51.035155],[-114.07152,51.034386],[-114.07152,51.034262],[-114.071519,51.033369],[-114.071519,51.032487],[-114.071519,51.031544],[-114.071519,51.030585],[-114.071522,51.029706],[-114.071999,51.029706],[-114.072705,51.029704],[-114.072842,51.029701],[-114.073146,51.029653],[-114.073451,51.02956],[-114.073777,51.029458],[-114.074065,51.029369],[-114.074386,51.029268]]}},{"type":"Feature","id":"2488cd6d-d8a1-4081-840c-27be9b074439","properties":{"category":"lrt","designation":"Skeletal Light Rail Transit","priority":null,"source":"Municipal_Development_Plan_Primary_Transit_Network_Lines"},"geometry":{"type":"LineString","coordinates":[[-114.067484,50.896365],[-114.067777,50.8969],[-114.068067,50.897431],[-114.068122,50.897533],[-114.068303,50.897865],[-114.068434,50.898092],[-114.068631,50.898415],[-114.068787,50.898686],[-114.069052,50.899147],[-114.069249,50.899531],[-114.069442,50.899926],[-114.069637,50.900379],[-114.069844,50.900858],[-114.069987,50.901241],[-114.070093,50.90154],[-114.070169,50.901794],[-114.07024,50.902046],[-114.070311,50.902335],[-114.070365,50.902582],[-114.070406,50.9028],[-114.07046,50.903142],[-114.070483,50.903298],[-114.070499,50.903446],[-114.070521,50.903633],[-114.070543,50.903885],[-114.070551,50.904063],[-114.070563,50.904294],[-114.070566,50.904646],[-114.070567,50.905188],[-114.070565,50.905945],[-114.070563,50.906477],[-114.070561,50.907059],[-114.070576,50.907666],[-114.070587,50.908144],[-114.070605,50.908956],[-114.070605,50.909379],[-114.070601,50.910059],[-114.070602,50.910582],[-114.070592,50.911017],[-114.070569,50.91226],[-114.070536,50.913852],[-114.070542,50.914229],[-114.070554,50.914503],[-114.07057,50.914806],[-114.070592,50.915019],[-114.07062,50.915269],[-114.070655,50.915496],[-114.070699,50.915763],[-114.070751,50.91604],[-114.070805,50.916278],[-114.070843,50.916431],[-114.070881,50.916587],[-114.070933,50.91677],[-114.070979,50.916934],[-114.071034,50.91711],[-114.071381,50.918148],[-114.071949,50.919843],[-114.072271,50.920791],[-114.072434,50.921245],[-114.072842,50.922368],[-114.073672,50.924847],[-114.073794,50.925245],[-114.073849,50.925477],[-114.073868,50.925635],[-114.073869,50.925778],[-114.073865,50.925927],[-114.073838,50.926112],[-114.073807,50.926282],[-114.073753,50.926477],[-114.073667,50.926675],[-114.073589,50.926848],[-114.072993,50.928004],[-114.072895,50.928189],[-114.072763,50.928449],[-114.072642,50.928686],[-114.072486,50.928985],[-114.072354,50.929247],[-114.072198,50.929541],[-114.07175,50.930376],[-114.07159,50.930685],[-114.071415,50.931028],[-114.071278,50.931285],[-114.07115,50.93153],[-114.071017,50.931796],[-114.070877,50.932066],[-114.070573,50.932649],[-114.070405,50.932985],[-114.070285,50.933252],[-114.070187,50.933494],[-114.07011,50.933743],[-114.070044,50.933998],[-114.06997,50.934427],[-114.069924,50.934825],[-114.069786,50.936878],[-114.069771,50.937339],[-114.069768,50.937636],[-114.069776,50.937917],[-114.069796,50.938135],[-114.069823,50.938396],[-114.069859,50.938639],[-114.069891,50.938839],[-114.070355,50.941138],[-114.070859,50.943615],[-114.07093,50.943975],[-114.070993,50.944259],[-114.071048,50.944496],[-114.071131,50.944783],[-114.071225,50.945099],[-114.071319,50.945373],[-114.071402,50.945588],[-114.071912,50.946896],[-114.072085,50.947316],[-114.07223,50.947694],[-114.07234,50.947953],[-114.072721,50.948852],[-114.073674,50.951259],[-114.073871,50.951773],[-114.074032,50.952212],[-114.074232,50.952832],[-114.074295,50.953072],[-114.074339,50.95327],[-114.074405,50.953599],[-114.075153,50.957213],[-114.075494,50.958513],[-114.076034,50.961099],[-114.076274,50.962137],[-114.076739,50.964284],[-114.076852,50.965091],[-114.077063,50.966157],[-114.07712,50.966577],[-114.077158,50.966951],[-114.077184,50.967406],[-114.077191,50.968015],[-114.077167,50.968481],[-114.077121,50.96897],[-114.077049,50.969479],[-114.076946,50.970002],[-114.076811,50.970511],[-114.076682,50.970947],[-114.07509,50.975572],[-114.074724,50.976741],[-114.074085,50.978602],[-114.073933,50.978984],[-114.073752,50.979305],[-114.073386,50.979873],[-114.072708,50.980901],[-114.06762,50.988289],[-114.067389,50.988668],[-114.067203,50.989019],[-114.067056,50.989353],[-114.066936,50.989682],[-114.066852,50.989979],[-114.066781,50.990297],[-114.066725,50.990619],[-114.066175,50.994558],[-114.066021,50.995454],[-114.065711,50.997534],[-114.06538,50.999688],[-114.063462,51.013459],[-114.063404,51.013834],[-114.063339,51.014099],[-114.063267,51.0143],[-114.063186,51.014506],[-114.063082,51.014707],[-114.062922,51.014954],[-114.062789,51.015133],[-114.062368,51.015617],[-114.06178,51.016274],[-114.061716,51.016383],[-114.061662,51.016502],[-114.061271,51.018152],[-114.061233,51.018287],[-114.06119,51.018379],[-114.061104,51.018514],[-114.060952,51.018735],[-114.058712,51.021875],[-114.058613,51.022033],[-114.058554,51.022159],[-114.05852,51.022283],[-114.058515,51.0224],[-114.058528,51.022521],[-114.058573,51.022643],[-114.058635,51.022775],[-114.059067,51.023564],[-114.05914,51.02378],[-114.059174,51.023984],[-114.059178,51.024144],[-114.05917,51.024311],[-114.05905,51.025271],[-114.059037,51.025597],[-114.059038,51.025882],[-114.059066,51.026204],[-114.059117,51.0265],[-114.059196,51.02691],[-114.059286,51.027293],[-114.059523,51.028123],[-114.05956,51.0283],[-114.059573,51.028483],[-114.059563,51.028668],[-114.059545,51.028826],[-114.059489,51.029049],[-114.059401,51.029342],[-114.059188,51.029966],[-114.059058,51.030438],[-114.059016,51.030778],[-114.058907,51.032477],[-114.058893,51.033199],[-114.058617,51.03699],[-114.058589,51.037172],[-114.058519,51.037399],[-114.058428,51.037684],[-114.058384,51.037918],[-114.058253,51.039649],[-114.058212,51.040647],[-114.058186,51.040963],[-114.058133,51.04123],[-114.058063,51.041474],[-114.05793,51.041821],[-114.057783,51.042103],[-114.057632,51.042342],[-114.057465,51.042577],[-114.057228,51.042855],[-114.056941,51.043149],[-114.055544,51.044472],[-114.055336,51.044683],[-114.055196,51.044841],[-114.05506,51.045022],[-114.054979,51.045175],[-114.054929,51.045303],[-114.054898,51.04544],[-114.054898,51.045551],[-114.054913,51.045657],[-114.054943,51.045755],[-114.054995,51.045852],[-114.055075,51.045961],[-114.055151,51.046028],[-114.055267,51.046112],[-114.055388,51.046179],[-114.055535,51.046234],[-114.055684,51.046267],[-114.055797,51.046286],[-114.055929,51.046295]]}},{"type":"Feature","id":"24b03c9d-8a7b-4553-9e73-8f0aae2333c8","properties":{"category":"transit-centre","designation":"Transit Centre","priority":null,"source":"Municipal_Development_Plan_Primary_Transit_Network_Points"},"geometry":{"type":"Point","coordinates":[-113.953913,50.873145]}},{"type":"Feature","id":"24e9bb76-0131-4110-8bb1-362c05599f88","properties":{"category":"transit-centre","designation":"Transit Centre","priority":null,"source":"Municipal_Development_Plan_Primary_Transit_Network_Points"},"geometry":{"type":"Point","coordinates":[-114.132371,51.081481]}},{"type":"Feature","id":"26bf2969-eff4-4ebc-b3cd-2718c8c5c9d6","properties":{"category":"transit-centre","designation":"Transit Centre","priority":null,"source":"Municipal_Development_Plan_Primary_Transit_Network_Points"},"geometry":{"type":"Point","coordinates":[-114.071478,51.037869]}},{"type":"Feature","id":"2a189b7c-4972-4fc6-b00e-a8c45ba3563e","properties":{"category":"transit-centre","designation":"Transit Centre","priority":null,"source":"Municipal_Development_Plan_Primary_Transit_Network_Points"},"geometry":{"type":"Point","coordinates":[-114.073095,50.923158]}},{"type":"Feature","id":"2a55a80d-e6be-4d33-bc71-670545d24edc","properties":{"category":"transit-centre","designation":"Transit Centre","priority":null,"source":"Municipal_Development_Plan_Primary_Transit_Network_Points"},"geometry":{"type":"Point","coordinates":[-114.071314,51.197932]}},{"type":"Feature","id":"2beb22bc-82a9-49c5-ae22-cc12c8c2c674","properties":{"category":"primary-transit","designation":"Primary Transit Network","priority":null,"source":"Municipal_Development_Plan_Primary_Transit_Network_Lines"},"geometry":{"type":"LineString","coordinates":[[-114.037293,51.001467],[-114.03732,51.008949],[-114.037321,51.009827],[-114.037343,51.009938],[-114.037354,51.01005],[-114.037354,51.010162],[-114.037344,51.010274],[-114.037324,51.010386],[-114.037293,51.010497],[-114.037253,51.010606],[-114.037202,51.010713],[-114.037141,51.010819],[-114.037071,51.010922],[-114.036991,51.011022],[-114.036902,51.011119],[-114.036805,51.011213],[-114.036698,51.011303],[-114.036584,51.011389],[-114.036462,51.011471],[-114.036332,51.011548],[-114.036122,51.011676],[-114.035918,51.011808],[-114.03572,51.011944],[-114.035529,51.012083],[-114.035343,51.012226],[-114.035165,51.012372],[-114.035106,51.012438],[-114.035055,51.012508],[-114.035013,51.012579],[-114.034979,51.012652],[-114.034954,51.012727],[-114.034938,51.012802],[-114.034925,51.013915],[-114.034875,51.014113],[-114.034762,51.014307],[-114.034506,51.014588],[-114.034124,51.01491],[-114.034082,51.014998],[-114.034049,51.015088],[-114.034026,51.015178],[-114.034013,51.01527],[-114.034009,51.015362],[-114.034016,51.015453],[-114.034033,51.015545],[-114.034059,51.015635],[-114.034095,51.015724],[-114.034141,51.015811],[-114.034196,51.015896],[-114.03426,51.015979],[-114.034417,51.016112],[-114.034579,51.016242],[-114.034748,51.01637],[-114.034921,51.016494],[-114.034801,51.016581],[-114.034689,51.016672],[-114.034586,51.016767],[-114.034492,51.016865],[-114.034406,51.016967],[-114.034331,51.017071],[-114.034265,51.017178],[-114.034208,51.017288],[-114.034162,51.017399],[-114.034127,51.017512],[-114.034101,51.017626],[-114.034086,51.01774],[-114.034052,51.017901],[-114.034007,51.018061],[-114.033954,51.018219],[-114.03389,51.018376],[-114.033818,51.018532],[-114.033736,51.018685],[-114.033645,51.018837],[-114.033546,51.018986],[-114.033429,51.019074],[-114.033304,51.019159],[-114.033173,51.019238],[-114.033036,51.019314],[-114.032892,51.019384],[-114.032742,51.01945],[-114.032587,51.019511],[-114.032428,51.019566],[-114.032263,51.019616],[-114.032095,51.01966]]}},{"type":"Feature","id":"2cbd8e45-1f2e-4409-8097-0b35ace87a45","properties":{"category":"lrt","designation":"Skeletal Light Rail Transit","priority":null,"source":"Municipal_Development_Plan_Primary_Transit_Network_Lines"},"geometry":{"type":"LineString","coordinates":[[-114.082789,51.047061],[-114.08295,51.047074],[-114.083057,51.047094],[-114.083227,51.047147],[-114.083374,51.047219],[-114.083497,51.047311],[-114.083586,51.047422],[-114.083631,51.047539],[-114.083638,51.047612],[-114.083608,51.048101],[-114.083584,51.048224],[-114.083544,51.04835],[-114.083476,51.048496],[-114.083337,51.04873],[-114.083287,51.048864],[-114.083267,51.048987],[-114.083254,51.049221],[-114.083191,51.050101],[-114.083175,51.050488],[-114.083194,51.050702],[-114.083233,51.050929],[-114.083304,51.051162],[-114.08342,51.051413],[-114.08415,51.052708],[-114.084272,51.052972],[-114.084357,51.053247],[-114.08439,51.053506],[-114.084392,51.054567],[-114.084411,51.05582],[-114.084463,51.05694],[-114.084508,51.057524],[-114.084557,51.057988],[-114.084681,51.058707],[-114.084833,51.059359],[-114.085034,51.060016],[-114.085236,51.060537],[-114.08537,51.060795],[-114.085535,51.061028],[-114.085722,51.061209],[-114.085962,51.061391],[-114.086275,51.061569],[-114.086564,51.061695],[-114.086882,51.061799],[-114.087229,51.061882],[-114.087596,51.061931],[-114.088184,51.061989],[-114.088829,51.062046],[-114.089074,51.062077],[-114.089343,51.06212],[-114.089617,51.062187],[-114.089947,51.062306],[-114.090422,51.062558],[-114.092496,51.063862],[-114.092797,51.064011],[-114.093045,51.064097],[-114.093314,51.064165],[-114.093577,51.064208],[-114.093907,51.064233],[-114.094315,51.064236],[-114.097267,51.064241],[-114.097563,51.064246],[-114.097849,51.064256],[-114.098139,51.064278],[-114.098474,51.06432],[-114.09875,51.064369],[-114.09907,51.064441],[-114.099402,51.064525],[-114.10065,51.06488],[-114.100913,51.064947],[-114.101131,51.06499],[-114.101315,51.065018],[-114.101571,51.065039],[-114.101858,51.065048],[-114.104675,51.065046],[-114.104876,51.065056],[-114.105063,51.065078],[-114.105214,51.065114],[-114.105374,51.06517],[-114.105525,51.065242],[-114.105672,51.065343],[-114.105792,51.065471],[-114.105872,51.065608],[-114.105912,51.065789],[-114.105909,51.06625],[-114.105923,51.066389],[-114.105972,51.066537],[-114.106048,51.066657],[-114.106154,51.066766],[-114.106306,51.066869],[-114.106497,51.066955],[-114.10671,51.067019],[-114.106928,51.067055],[-114.107176,51.06708],[-114.108313,51.067163],[-114.108853,51.067193],[-114.109483,51.067206],[-114.110766,51.067211],[-114.111068,51.06722],[-114.111321,51.067242],[-114.111574,51.067276],[-114.11185,51.067337],[-114.112121,51.067409],[-114.112356,51.06749],[-114.112596,51.067598],[-114.112818,51.067718],[-114.113019,51.067852],[-114.113183,51.067986],[-114.113388,51.068188],[-114.117508,51.073435],[-114.117826,51.073899],[-114.118204,51.074545],[-114.118365,51.074803],[-114.118526,51.075027],[-114.118757,51.075307],[-114.118974,51.07553],[-114.119375,51.075873],[-114.120052,51.076444],[-114.120336,51.076717],[-114.120566,51.076981],[-114.122251,51.079135],[-114.123646,51.080899],[-114.124172,51.081541],[-114.124826,51.082237],[-114.125385,51.08279],[-114.12602,51.083327],[-114.126581,51.083787],[-114.127475,51.084436],[-114.128201,51.084929],[-114.129009,51.085438],[-114.130104,51.086071],[-114.133679,51.088023],[-114.134731,51.088564],[-114.134914,51.08867],[-114.135097,51.088795],[-114.135243,51.088884],[-114.135493,51.089069],[-114.135656,51.089203],[-114.135814,51.08934],[-114.136008,51.089513],[-114.136249,51.089732],[-114.136647,51.090092],[-114.136954,51.090368],[-114.137178,51.090573],[-114.137395,51.090746],[-114.137616,51.090924],[-114.137854,51.091095],[-114.138112,51.091271],[-114.138315,51.0914],[-114.149402,51.098002],[-114.149951,51.098335],[-114.150778,51.09883],[-114.1516,51.099346],[-114.151993,51.099595],[-114.152385,51.099832],[-114.152699,51.100018],[-114.15305,51.100214],[-114.153332,51.100374],[-114.153692,51.100568],[-114.154011,51.100733],[-114.154371,51.100918],[-114.154768,51.101109],[-114.155119,51.101277],[-114.155622,51.101508],[-114.156033,51.101688],[-114.156439,51.101864],[-114.156988,51.102075],[-114.157509,51.102269],[-114.158105,51.102492],[-114.158751,51.102711],[-114.159558,51.102989],[-114.160504,51.103283],[-114.161183,51.103518],[-114.161769,51.103723],[-114.16218,51.103882],[-114.162526,51.104021],[-114.16301,51.104209],[-114.163638,51.104475],[-114.164668,51.104906],[-114.168719,51.106613],[-114.171828,51.107934],[-114.175035,51.109262],[-114.178264,51.110617],[-114.183591,51.112867],[-114.188026,51.114727],[-114.191395,51.116108],[-114.198662,51.11914],[-114.202118,51.120588],[-114.205574,51.122029],[-114.207923,51.123039],[-114.209099,51.123515],[-114.209684,51.123751]]}},{"type":"Feature","id":"2e05ad1a-3e62-4ec3-87ac-324b79b99d9d","properties":{"category":"lrt","designation":"Skeletal Light Rail Transit","priority":null,"source":"Municipal_Development_Plan_Primary_Transit_Network_Lines"},"geometry":{"type":"LineString","coordinates":[[-114.055929,51.046295],[-114.053893,51.046237],[-114.053723,51.046241],[-114.053584,51.046259],[-114.053483,51.046279],[-114.05341,51.046297],[-114.053325,51.046324],[-114.053254,51.046351],[-114.053179,51.046387],[-114.053129,51.046413],[-114.053038,51.046474],[-114.052978,51.046523],[-114.052887,51.046623],[-114.052819,51.046737],[-114.052791,51.046839],[-114.052777,51.046995],[-114.052722,51.047727],[-114.052696,51.04784],[-114.052638,51.047977],[-114.052555,51.048082],[-114.052451,51.048182],[-114.052245,51.048324],[-114.051014,51.049089],[-114.05067,51.049278],[-114.050338,51.049435],[-114.05001,51.049549],[-114.049684,51.049636],[-114.049362,51.049705],[-114.048982,51.049756],[-114.048636,51.049779],[-114.048407,51.049781],[-114.04816,51.049777],[-114.047916,51.049762],[-114.047639,51.049728],[-114.047343,51.049683],[-114.046229,51.049456],[-114.0459,51.049391],[-114.045535,51.049335],[-114.045108,51.049284],[-114.044776,51.049256],[-114.044451,51.049238],[-114.044144,51.049232],[-114.042899,51.049247],[-114.042462,51.049244],[-114.04192,51.049213],[-114.041159,51.049148],[-114.040491,51.049064],[-114.039891,51.048971],[-114.039493,51.048884],[-114.039114,51.048761],[-114.038731,51.048644],[-114.038231,51.048464],[-114.037735,51.048279],[-114.037473,51.048187],[-114.037206,51.0481],[-114.036935,51.048019],[-114.036794,51.047983],[-114.036651,51.047952],[-114.036506,51.047925],[-114.036358,51.047902],[-114.036209,51.047884],[-114.035842,51.047853],[-114.035371,51.047825],[-114.035004,51.047833],[-114.033272,51.047866],[-114.032144,51.047863],[-114.031592,51.047867],[-114.031157,51.047842],[-114.030612,51.047796],[-114.030153,51.047749],[-114.029638,51.047678],[-114.028243,51.047487],[-114.027477,51.047404],[-114.026837,51.04736],[-114.026134,51.04734],[-114.02526,51.047344],[-114.024219,51.047432],[-114.023179,51.047524],[-114.021641,51.04778],[-114.020369,51.047999],[-114.019513,51.048113],[-114.018556,51.048203],[-114.017697,51.048244],[-114.016826,51.048238],[-114.016001,51.048186],[-114.01501,51.048055],[-114.014791,51.048019],[-114.014574,51.047977],[-114.01436,51.047931],[-114.014149,51.047879],[-114.013316,51.047642],[-114.012672,51.047426],[-114.011086,51.046867],[-114.009908,51.046428],[-114.00905,51.046129],[-114.008062,51.045831],[-114.007178,51.045612],[-114.006239,51.045426],[-114.005361,51.045293],[-114.00447,51.045194],[-114.003771,51.045146],[-114.002976,51.045116],[-114.002156,51.045119],[-114.001375,51.045164],[-114.000723,51.045225],[-114.000033,51.045311],[-113.999473,51.045406],[-113.998926,51.045512],[-113.998313,51.045655],[-113.997629,51.045844],[-113.996967,51.046057],[-113.99618,51.046361],[-113.995619,51.046612],[-113.994981,51.046935],[-113.9926,51.048274],[-113.991992,51.048632],[-113.990912,51.049228],[-113.989812,51.049817],[-113.988951,51.050282],[-113.988585,51.050455],[-113.988117,51.050673],[-113.987677,51.050849],[-113.987041,51.051083],[-113.986443,51.051279],[-113.985758,51.051459],[-113.985548,51.051512],[-113.9852,51.051593],[-113.984196,51.051804],[-113.983928,51.051867],[-113.983686,51.051928],[-113.98349,51.051987],[-113.983286,51.052059],[-113.983073,51.052146],[-113.982896,51.052233],[-113.982712,51.052335],[-113.982583,51.052418],[-113.982463,51.052506],[-113.982338,51.052609],[-113.982191,51.052752],[-113.982082,51.052873],[-113.981999,51.052978],[-113.981931,51.053089],[-113.981881,51.053181],[-113.98183,51.053291],[-113.981784,51.053431],[-113.981749,51.053574],[-113.981728,51.053733],[-113.981719,51.053891],[-113.981716,51.054327],[-113.981716,51.056754],[-113.981719,51.059982],[-113.981731,51.073901],[-113.981736,51.077531],[-113.981733,51.084404],[-113.981737,51.087886],[-113.981737,51.08817],[-113.981713,51.089176],[-113.981713,51.089471],[-113.981717,51.089729],[-113.981725,51.090011],[-113.981736,51.090458],[-113.981741,51.090665],[-113.981749,51.096049],[-113.981755,51.10017],[-113.981752,51.100922],[-113.98175,51.101181],[-113.981732,51.10142],[-113.981701,51.101636],[-113.981653,51.101861],[-113.981569,51.102116],[-113.981436,51.102413],[-113.981229,51.102807],[-113.980127,51.104871],[-113.97988,51.105312],[-113.979747,51.105534],[-113.979571,51.105784],[-113.979386,51.106022],[-113.979174,51.106266],[-113.978883,51.106552],[-113.978566,51.106832],[-113.977887,51.107395],[-113.976128,51.108854],[-113.974374,51.110311]]}},{"type":"Feature","id":"2e46eb90-cbd4-48b8-82ce-ea0a02773bdb","properties":{"category":"transit-centre","designation":"Transit Centre","priority":null,"source":"Municipal_Development_Plan_Primary_Transit_Network_Points"},"geometry":{"type":"Point","coordinates":[-114.237839,51.135441]}},{"type":"Feature","id":"3129da48-c765-4d7b-b5c2-335729015a82","properties":{"category":"primary-transit","designation":"Primary Transit Network","priority":null,"source":"Municipal_Development_Plan_Primary_Transit_Network_Lines"},"geometry":{"type":"LineString","coordinates":[[-114.039761,50.987179],[-114.039568,50.98895],[-114.039553,50.989574],[-114.039604,50.989812],[-114.039773,50.990404],[-114.040035,50.99132],[-114.040256,50.992136],[-114.040279,50.992521],[-114.040199,50.992956],[-114.039914,50.993545],[-114.039411,50.994441],[-114.038845,50.995435],[-114.037525,50.997986],[-114.03739,50.998463],[-114.037304,50.998934],[-114.037258,50.999578],[-114.037298,51.001768]]}},{"type":"Feature","id":"312fd2ff-035c-43b1-8b03-26abc0d69505","properties":{"category":"transit-centre","designation":"Transit Centre","priority":null,"source":"Municipal_Development_Plan_Primary_Transit_Network_Points"},"geometry":{"type":"Point","coordinates":[-114.083148,50.979573]}},{"type":"Feature","id":"31e8b2e8-ae64-45c1-b17e-928c35542940","properties":{"category":"primary-transit","designation":"Primary Transit Network","priority":null,"source":"Municipal_Development_Plan_Primary_Transit_Network_Lines"},"geometry":{"type":"LineString","coordinates":[[-113.957336,50.882437],[-113.957228,50.882271],[-113.957129,50.882101],[-113.957039,50.88193],[-113.956958,50.881757],[-113.956887,50.881583],[-113.956826,50.881406],[-113.956774,50.881229],[-113.956731,50.881051],[-113.956699,50.880871],[-113.956676,50.880692],[-113.956663,50.880511],[-113.95666,50.880331],[-113.956666,50.880151],[-113.956715,50.879788],[-113.956773,50.879425],[-113.956841,50.879064],[-113.956917,50.878703],[-113.957003,50.878342],[-113.957099,50.877983],[-113.957204,50.877625],[-113.957317,50.877268],[-113.957441,50.876912],[-113.952881,50.876831],[-113.952238,50.876835],[-113.951596,50.876844],[-113.950955,50.87686],[-113.950314,50.876882],[-113.949673,50.87691],[-113.949033,50.876944],[-113.948394,50.876984],[-113.947756,50.87703],[-113.947119,50.877082],[-113.946483,50.87714],[-113.945849,50.877204],[-113.945217,50.877274],[-113.944638,50.877362],[-113.944062,50.877457],[-113.943489,50.877559],[-113.942919,50.877668],[-113.942353,50.877784],[-113.94179,50.877906],[-113.941231,50.878035],[-113.940675,50.878171],[-113.940124,50.878313],[-113.939577,50.878462],[-113.939035,50.878618],[-113.938498,50.87878],[-113.937965,50.878948],[-113.937438,50.879122],[-113.936916,50.879303],[-113.934693,50.876188],[-113.933117,50.874254],[-113.931551,50.872317],[-113.931283,50.871957],[-113.931024,50.871594],[-113.930774,50.871229],[-113.930534,50.870861],[-113.930304,50.87049],[-113.930084,50.870117],[-113.929874,50.869742],[-113.929673,50.869365],[-113.929483,50.868985],[-113.929302,50.868604],[-113.929132,50.868221],[-113.928971,50.867836],[-113.928824,50.867454],[-113.928687,50.867071],[-113.92856,50.866687],[-113.928444,50.866301],[-113.928338,50.865915],[-113.928243,50.865527],[-113.928159,50.865138],[-113.928085,50.864748],[-113.928022,50.864357],[-113.927969,50.863966],[-113.927927,50.863575],[-113.927896,50.863182]]}},{"type":"Feature","id":"34509a9d-e2ef-4dd3-bbfa-1c88b41196fb","properties":{"category":"future-lrt","designation":"Skeletal Light Rail Transit Future","priority":null,"source":"Municipal_Development_Plan_Primary_Transit_Network_Lines"},"geometry":{"type":"LineString","coordinates":[[-113.994248,51.180832],[-113.984973,51.180831],[-113.984513,51.180831],[-113.984117,51.180811],[-113.983785,51.180766],[-113.983383,51.180679],[-113.983024,51.180563],[-113.982729,51.180439],[-113.982387,51.180237],[-113.9821,51.18],[-113.981883,51.179739],[-113.981761,51.179509],[-113.981676,51.179224],[-113.981653,51.178915],[-113.981655,51.177948],[-113.981626,51.177383],[-113.981556,51.176919],[-113.981445,51.17645],[-113.981096,51.175376],[-113.980959,51.174947],[-113.980874,51.174586],[-113.980852,51.174357],[-113.980858,51.173915],[-113.980918,51.173549],[-113.981057,51.173129],[-113.981199,51.172839]]}},{"type":"Feature","id":"3581c201-0f2d-4840-bd34-73a8a2fff760","properties":{"category":"hub","designation":"Primary Transit Hub","priority":null,"source":"Municipal_Development_Plan_Primary_Transit_Network_Points"},"geometry":{"type":"Point","coordinates":[-114.071347,51.160106]}},{"type":"Feature","id":"36326deb-6f62-4b6e-885c-724b10d84781","properties":{"category":"primary-transit","designation":"Primary Transit Network","priority":null,"source":"Municipal_Development_Plan_Primary_Transit_Network_Lines"},"geometry":{"type":"LineString","coordinates":[[-113.978983,50.879786],[-113.977319,50.87944],[-113.976471,50.879262],[-113.976246,50.879213],[-113.976018,50.87917],[-113.97567,50.879121],[-113.97532,50.879079],[-113.974967,50.879044],[-113.974614,50.879016],[-113.974259,50.878994],[-113.973903,50.87898],[-113.973546,50.878972],[-113.973257,50.878978],[-113.972969,50.87899],[-113.972681,50.879007],[-113.972393,50.879029],[-113.972108,50.879058],[-113.971823,50.879091],[-113.971541,50.87913],[-113.97126,50.879175],[-113.970621,50.879307],[-113.969984,50.879446],[-113.969351,50.879591],[-113.968722,50.879742],[-113.968096,50.879899],[-113.967531,50.880038],[-113.966963,50.880171],[-113.966391,50.880299],[-113.965816,50.880421]]}},{"type":"Feature","id":"3648737c-8d4a-4f67-ae5e-8696ebdf1761","properties":{"category":"hub","designation":"Primary Transit Hub","priority":null,"source":"Municipal_Development_Plan_Primary_Transit_Network_Points"},"geometry":{"type":"Point","coordinates":[-113.955411,50.914265]}},{"type":"Feature","id":"39f23e5e-d1e6-48cc-92fa-8c0b7221dc7f","properties":{"category":"lrt","designation":"Skeletal Light Rail Transit","priority":null,"source":"Municipal_Development_Plan_Primary_Transit_Network_Lines"},"geometry":{"type":"LineString","coordinates":[[-114.071342,51.212488],[-114.071322,51.18983],[-114.071319,51.186715],[-114.071319,51.185033],[-114.071319,51.183376],[-114.071313,51.179328],[-114.071173,51.17883],[-114.070731,51.177982],[-114.069929,51.176606],[-114.069418,51.175669],[-114.069159,51.175047],[-114.068837,51.173477],[-114.06891,51.171921],[-114.068742,51.170969],[-114.068491,51.170332],[-114.067998,51.169367],[-114.067876,51.168891],[-114.067819,51.168309],[-114.067828,51.168052],[-114.067861,51.167774],[-114.067913,51.167503],[-114.067995,51.16724],[-114.068085,51.167002],[-114.068186,51.166778],[-114.06832,51.16654],[-114.068464,51.166316],[-114.068636,51.166081],[-114.068837,51.165836],[-114.069944,51.164571],[-114.070131,51.164342],[-114.070313,51.164082],[-114.070476,51.163829],[-114.070643,51.163548],[-114.070782,51.163225],[-114.070882,51.162911],[-114.070944,51.162591],[-114.070982,51.162271],[-114.070982,51.161936],[-114.070938,51.161638],[-114.070875,51.161336],[-114.070378,51.15936],[-114.069731,51.156855],[-114.069654,51.156584],[-114.069548,51.156333],[-114.069408,51.156062],[-114.069254,51.155812],[-114.0691,51.155597],[-114.068903,51.155383],[-114.068687,51.15516],[-114.068447,51.15494],[-114.068159,51.154702],[-114.064983,51.152214],[-114.064709,51.151991],[-114.064445,51.15174],[-114.064195,51.151484],[-114.063941,51.151179],[-114.063753,51.150914],[-114.06358,51.150639],[-114.063436,51.150362],[-114.063306,51.150054],[-114.063209,51.149758],[-114.063147,51.149481],[-114.063108,51.149242],[-114.063088,51.148956],[-114.063088,51.148714],[-114.063112,51.148379],[-114.063178,51.14806],[-114.063269,51.14774],[-114.063374,51.147447],[-114.063513,51.14716],[-114.063671,51.146879],[-114.063853,51.146614],[-114.064011,51.146408],[-114.064159,51.146227],[-114.064322,51.146052],[-114.064566,51.145817],[-114.06484,51.145575],[-114.065098,51.14537],[-114.067907,51.143259],[-114.069689,51.141924],[-114.070015,51.141649],[-114.070221,51.141465],[-114.070417,51.141263],[-114.070599,51.141051],[-114.070772,51.140825],[-114.070906,51.140607],[-114.07104,51.140372],[-114.07114,51.140152],[-114.071216,51.139934],[-114.071278,51.13972],[-114.071326,51.139503],[-114.071359,51.139261],[-114.071369,51.139002],[-114.071438,51.138171],[-114.071452,51.137185],[-114.071468,51.134311],[-114.071433,51.132354],[-114.071436,51.131629],[-114.071439,51.129847],[-114.071441,51.128992],[-114.071446,51.125197],[-114.071442,51.125197],[-114.07145,51.122588],[-114.071454,51.121458],[-114.071406,51.121108],[-114.071346,51.120827],[-114.07125,51.120493],[-114.071136,51.120215],[-114.070981,51.119911],[-114.070742,51.119543],[-114.0696,51.118001],[-114.068967,51.117153],[-114.06868,51.116823],[-114.068411,51.116545],[-114.068118,51.116279],[-114.067652,51.115885],[-114.067652,51.115885],[-114.064613,51.113439],[-114.063132,51.112239],[-114.062846,51.111965],[-114.062649,51.111706],[-114.062511,51.111428],[-114.062469,51.111195],[-114.062456,51.110613],[-114.06245,51.10808],[-114.06245,51.107223],[-114.062451,51.106321],[-114.062455,51.105421],[-114.062455,51.104568],[-114.062454,51.102656],[-114.062454,51.10058],[-114.062454,51.099716],[-114.062454,51.09842],[-114.062455,51.097616],[-114.062456,51.097404],[-114.062441,51.09605],[-114.062435,51.094628],[-114.06245,51.09237],[-114.06245,51.09232],[-114.062451,51.091423],[-114.062444,51.090532],[-114.062446,51.089638],[-114.062448,51.088747],[-114.062458,51.087131],[-114.06246,51.084982],[-114.062465,51.083248],[-114.062518,51.081516],[-114.06255,51.08053],[-114.062546,51.079635],[-114.062541,51.078744],[-114.062539,51.077849],[-114.062538,51.076957],[-114.062537,51.076065],[-114.062535,51.075174],[-114.062534,51.074232],[-114.062533,51.073312],[-114.062531,51.072448],[-114.06253,51.071534],[-114.062529,51.070627],[-114.062527,51.069715],[-114.062526,51.068807],[-114.062525,51.067896],[-114.062522,51.066934],[-114.062527,51.066021],[-114.06253,51.06538],[-114.062533,51.064412],[-114.062537,51.063354],[-114.06254,51.062461],[-114.062543,51.061564],[-114.062546,51.060673],[-114.06255,51.059779],[-114.062573,51.059155],[-114.062621,51.05887],[-114.062706,51.058628],[-114.062864,51.058329],[-114.063065,51.058052],[-114.063296,51.057806],[-114.063522,51.057606],[-114.063875,51.057371],[-114.064234,51.057164],[-114.065709,51.05641],[-114.066092,51.056202],[-114.066427,51.055991],[-114.066689,51.055772],[-114.066951,51.055518],[-114.06714,51.055272],[-114.067292,51.054999],[-114.067395,51.054711],[-114.067455,51.054438],[-114.067479,51.054169],[-114.067501,51.05371],[-114.067505,51.05336],[-114.067504,51.052311],[-114.067565,51.051373],[-114.067627,51.050428],[-114.067698,51.049477],[-114.06778,51.048536],[-114.067847,51.047592],[-114.067914,51.046661],[-114.067983,51.045679],[-114.068049,51.044757],[-114.068141,51.043472],[-114.068138,51.042843],[-114.068114,51.042681],[-114.068052,51.042522],[-114.067943,51.04234],[-114.067786,51.042157],[-114.06761,51.042004],[-114.067419,51.041882],[-114.067215,51.041774],[-114.066977,51.041684],[-114.066692,51.0416],[-114.066407,51.041547],[-114.066145,51.04152],[-114.065797,51.041502],[-114.063312,51.041433]]}},{"type":"Feature","id":"3c25d12c-2284-4bef-aeea-807ea418cbc4","properties":{"category":"lrt","designation":"Skeletal Light Rail Transit","priority":null,"source":"Municipal_Development_Plan_Primary_Transit_Network_Lines"},"geometry":{"type":"LineString","coordinates":[[-114.04723,50.863343],[-114.04715,50.863558],[-114.047069,50.863823],[-114.047014,50.864077],[-114.046985,50.864285],[-114.046972,50.864474],[-114.046972,50.864718],[-114.046989,50.864941],[-114.047018,50.865149],[-114.047068,50.865395],[-114.047123,50.865591],[-114.047192,50.865797],[-114.0473,50.866052],[-114.047411,50.866278],[-114.047538,50.866488],[-114.047685,50.866708],[-114.047829,50.866899],[-114.047992,50.867091],[-114.048194,50.867305],[-114.048391,50.867491],[-114.048597,50.867675],[-114.048812,50.867847],[-114.049046,50.868024],[-114.049295,50.868206],[-114.055384,50.872591],[-114.055638,50.872782],[-114.055847,50.872946],[-114.056047,50.873118],[-114.056239,50.873295],[-114.056388,50.873451],[-114.056561,50.873644],[-114.056696,50.873809],[-114.056816,50.873971],[-114.056907,50.874114],[-114.05701,50.874285],[-114.057119,50.874476],[-114.057197,50.87464],[-114.05728,50.874829],[-114.057367,50.87505],[-114.058052,50.876849],[-114.058599,50.878309],[-114.060586,50.883576],[-114.060797,50.884135],[-114.060915,50.884442],[-114.060984,50.88462],[-114.061047,50.884777],[-114.061388,50.885514],[-114.061636,50.885976],[-114.062015,50.886651],[-114.062306,50.887165],[-114.062565,50.887625],[-114.063616,50.889485],[-114.065306,50.892481],[-114.065403,50.892652],[-114.067448,50.8963],[-114.067484,50.896365]]}},{"type":"Feature","id":"3c608729-2eab-4b1b-8ab2-e4b300f134e6","properties":{"category":"transit-centre","designation":"Transit Centre","priority":null,"source":"Municipal_Development_Plan_Primary_Transit_Network_Points"},"geometry":{"type":"Point","coordinates":[-114.094834,50.979561]}},{"type":"Feature","id":"3d8ae483-fa85-45c6-aacb-d6869926b282","properties":{"category":"hub","designation":"Primary Transit Hub","priority":null,"source":"Municipal_Development_Plan_Primary_Transit_Network_Points"},"geometry":{"type":"Point","coordinates":[-114.19142,51.037781]}},{"type":"Feature","id":"403d3076-f23a-4c0e-a787-4224e359eb08","properties":{"category":"transit-centre","designation":"Transit Centre","priority":null,"source":"Municipal_Development_Plan_Primary_Transit_Network_Points"},"geometry":{"type":"Point","coordinates":[-114.115412,51.070778]}},{"type":"Feature","id":"40416b3a-c9ab-4926-b4f5-d14bf8b8749c","properties":{"category":"primary-transit","designation":"Primary Transit Network","priority":null,"source":"Municipal_Development_Plan_Primary_Transit_Network_Lines"},"geometry":{"type":"LineString","coordinates":[[-114.222601,51.154153],[-114.234676,51.15411],[-114.234664,51.134399]]}},{"type":"Feature","id":"417869e6-a383-4772-9ba6-f0098f777595","properties":{"category":"hub","designation":"Primary Transit Hub","priority":null,"source":"Municipal_Development_Plan_Primary_Transit_Network_Points"},"geometry":{"type":"Point","coordinates":[-114.160849,51.103401]}},{"type":"Feature","id":"451bfd5b-98d0-4392-8931-84f408941596","properties":{"category":"transit-centre","designation":"Transit Centre","priority":null,"source":"Municipal_Development_Plan_Primary_Transit_Network_Points"},"geometry":{"type":"Point","coordinates":[-114.094839,50.988109]}},{"type":"Feature","id":"468e84ca-566f-410b-93e3-0c8c87d6e0c0","properties":{"category":"primary-transit","designation":"Primary Transit Network","priority":null,"source":"Municipal_Development_Plan_Primary_Transit_Network_Lines"},"geometry":{"type":"LineString","coordinates":[[-113.981609,51.081497],[-113.991834,51.081498],[-114.001738,51.081498],[-114.011525,51.081486],[-114.023899,51.081484],[-114.028414,51.081492],[-114.033115,51.081482],[-114.035777,51.081493],[-114.038864,51.081492],[-114.040675,51.081485],[-114.041932,51.081502],[-114.042893,51.081531],[-114.043189,51.081566],[-114.043494,51.081612],[-114.043827,51.081699],[-114.04416,51.081845],[-114.04445,51.081993],[-114.044779,51.082217],[-114.045048,51.082456],[-114.045297,51.082718],[-114.045524,51.082998],[-114.045788,51.083381],[-114.046029,51.083847],[-114.04626,51.084446],[-114.046344,51.084877],[-114.046372,51.085273],[-114.046354,51.085878],[-114.046345,51.08614],[-114.046382,51.08642],[-114.046475,51.08667],[-114.046577,51.08681],[-114.046805,51.087046],[-114.047095,51.087263],[-114.047335,51.087438],[-114.048418,51.08813],[-114.049324,51.088724],[-114.059918,51.088741],[-114.069102,51.088741],[-114.069404,51.088725],[-114.06975,51.088639],[-114.070001,51.088494],[-114.070259,51.08818],[-114.070476,51.08781],[-114.070686,51.087596],[-114.070953,51.087464],[-114.071328,51.087403],[-114.071624,51.087399],[-114.071994,51.087393],[-114.072355,51.087391],[-114.075054,51.088087],[-114.076051,51.088344],[-114.076554,51.088462],[-114.07702,51.08854],[-114.077393,51.088633],[-114.077884,51.088697],[-114.078398,51.088747],[-114.07884,51.088769],[-114.079627,51.088788],[-114.083109,51.088788],[-114.085356,51.088802],[-114.085505,51.088853],[-114.087114,51.087552],[-114.08971,51.085362],[-114.092556,51.083002],[-114.092572,51.083007],[-114.092607,51.083016],[-114.092623,51.08302],[-114.092638,51.083024],[-114.092649,51.083026],[-114.092659,51.083028],[-114.09267,51.08303],[-114.092682,51.083032],[-114.092754,51.083043],[-114.092852,51.083049],[-114.092932,51.08305],[-114.094755,51.083052],[-114.097089,51.083049]]}},{"type":"Feature","id":"4dac0d09-81e4-4e6e-9eb6-c93cb9d2aad5","properties":{"category":"primary-transit","designation":"Primary Transit Network","priority":null,"source":"Municipal_Development_Plan_Primary_Transit_Network_Lines"},"geometry":{"type":"LineString","coordinates":[[-114.09471,51.052523],[-114.096156,51.052523],[-114.097657,51.052521],[-114.100512,51.052518],[-114.102349,51.052509],[-114.104349,51.052508],[-114.105435,51.052506],[-114.106605,51.052505],[-114.107927,51.052504],[-114.108538,51.052503],[-114.109741,51.052502],[-114.110386,51.052501],[-114.112895,51.052499],[-114.115303,51.052498],[-114.117482,51.0525],[-114.118276,51.052499],[-114.119341,51.052489],[-114.120585,51.052498],[-114.121228,51.052545],[-114.121897,51.052701],[-114.122544,51.052907],[-114.123291,51.053238],[-114.124315,51.053696],[-114.124938,51.053959],[-114.125422,51.054141],[-114.126301,51.054429],[-114.127379,51.054762],[-114.128691,51.055112],[-114.129518,51.055333],[-114.130942,51.055706],[-114.131998,51.055985],[-114.13291,51.056225],[-114.133749,51.056471],[-114.134231,51.056647],[-114.134302,51.056684],[-114.134486,51.056778],[-114.134743,51.05691],[-114.135351,51.057199],[-114.136461,51.05771],[-114.137012,51.058034],[-114.137228,51.058143],[-114.137565,51.058308],[-114.138878,51.058938],[-114.139306,51.059149],[-114.139798,51.059409],[-114.140933,51.059969],[-114.141181,51.060091]]}},{"type":"Feature","id":"4df12b68-3899-4d85-838a-a2eebdf94faa","properties":{"category":"transit-centre","designation":"Transit Centre","priority":null,"source":"Municipal_Development_Plan_Primary_Transit_Network_Points"},"geometry":{"type":"Point","coordinates":[-114.001327,50.961297]}},{"type":"Feature","id":"4f79c42a-a668-478c-8736-4b6090b3f39a","properties":{"category":"transit-undetermined","designation":"Primary Transit Network to be determined","priority":null,"source":"Municipal_Development_Plan_Primary_Transit_Network_Lines"},"geometry":{"type":"LineString","coordinates":[[-114.210726,51.165828],[-114.21055,51.155073],[-114.210649,51.153133],[-114.208472,51.151793]]}},{"type":"Feature","id":"508ead09-1814-418a-b05a-f89166f74937","properties":{"category":"primary-transit","designation":"Primary Transit Network","priority":null,"source":"Municipal_Development_Plan_Primary_Transit_Network_Lines"},"geometry":{"type":"LineString","coordinates":[[-114.002503,51.015182],[-114.002145,51.014532],[-114.001999,51.014108],[-114.001952,51.013827],[-114.001888,51.013491],[-114.001849,51.013142],[-114.001839,51.012871],[-114.001837,51.012067],[-114.001839,51.011311],[-114.001839,51.010817],[-114.001839,51.009873],[-114.001839,51.009536],[-114.001813,51.008834],[-114.00171,51.008363],[-114.001618,51.00819],[-114.001514,51.008037],[-114.001397,51.007856],[-114.001254,51.007702],[-114.001134,51.007573],[-114.001059,51.007493],[-114.000863,51.00736],[-114.000558,51.00718],[-113.99963,51.006665],[-113.998445,51.00617],[-113.997828,51.005899],[-113.997181,51.005618],[-113.995502,51.004893],[-113.994595,51.0045],[-113.993803,51.004157],[-113.993044,51.00383],[-113.992,51.003381],[-113.991051,51.002971],[-113.990173,51.002625],[-113.98932,51.002217],[-113.988527,51.001843],[-113.987489,51.001287],[-113.986731,51.000863],[-113.986142,51.000356],[-113.985319,50.999771],[-113.984882,50.999385],[-113.984355,50.998858],[-113.98385,50.998236],[-113.983333,50.997626],[-113.983034,50.997171],[-113.982861,50.996879],[-113.982609,50.996391],[-113.982385,50.995897],[-113.982125,50.995098],[-113.981983,50.994549],[-113.981852,50.99369],[-113.981834,50.993209],[-113.981795,50.99254],[-113.981809,50.991815],[-113.981847,50.991141],[-113.981836,50.98054],[-113.981813,50.979641]]}},{"type":"Feature","id":"511cf1a2-df97-44b4-93c2-43f81429626b","properties":{"category":"primary-transit","designation":"Primary Transit Network","priority":null,"source":"Municipal_Development_Plan_Primary_Transit_Network_Lines"},"geometry":{"type":"LineString","coordinates":[[-114.081387,51.008717],[-114.078899,51.008717],[-114.076432,51.008716],[-114.073984,51.008717],[-114.071512,51.008718],[-114.069292,51.008718],[-114.067796,51.008718],[-114.066254,51.008717],[-114.062142,51.008711],[-114.057039,51.008712],[-114.050827,51.008719],[-114.050522,51.008699],[-114.050138,51.008671]]}},{"type":"Feature","id":"52988105-52ab-4578-8137-bcc441fb768d","properties":{"category":"transit-centre","designation":"Transit Centre","priority":null,"source":"Municipal_Development_Plan_Primary_Transit_Network_Points"},"geometry":{"type":"Point","coordinates":[-113.958588,50.926971]}},{"type":"Feature","id":"54e40b4d-2b1a-43ba-996f-f5d872f83ca6","properties":{"category":"transit-centre","designation":"Transit Centre","priority":null,"source":"Municipal_Development_Plan_Primary_Transit_Network_Points"},"geometry":{"type":"Point","coordinates":[-114.09471,51.037861]}},{"type":"Feature","id":"55f70199-4e86-4730-bd8f-e89a8f8fdea3","properties":{"category":"transit-centre","designation":"Transit Centre","priority":null,"source":"Municipal_Development_Plan_Primary_Transit_Network_Points"},"geometry":{"type":"Point","coordinates":[-114.163429,50.906764]}},{"type":"Feature","id":"561535c8-42fb-44b4-8a9a-1eaacf5e9bde","properties":{"category":"transit-centre","designation":"Transit Centre","priority":null,"source":"Municipal_Development_Plan_Primary_Transit_Network_Points"},"geometry":{"type":"Point","coordinates":[-114.124884,51.041677]}},{"type":"Feature","id":"572b1fb7-9524-4aa0-966e-baf42a3814c8","properties":{"category":"hub","designation":"Primary Transit Hub","priority":null,"source":"Municipal_Development_Plan_Primary_Transit_Network_Points"},"geometry":{"type":"Point","coordinates":[-114.076859,50.9651]}},{"type":"Feature","id":"584d20fd-9cc9-4528-98d9-c3d59115f4f9","properties":{"category":"primary-transit","designation":"Primary Transit Network","priority":null,"source":"Municipal_Development_Plan_Primary_Transit_Network_Lines"},"geometry":{"type":"LineString","coordinates":[[-114.136414,51.013364],[-114.136503,51.013298],[-114.136609,51.013217],[-114.13672,51.013132],[-114.136925,51.012992],[-114.137099,51.012883],[-114.137248,51.012809],[-114.137405,51.012737],[-114.137633,51.012652],[-114.137841,51.012594],[-114.138065,51.012549],[-114.138159,51.012529],[-114.138396,51.012488],[-114.138607,51.012474],[-114.138754,51.012468],[-114.138876,51.012467],[-114.139359,51.012465],[-114.139856,51.012462],[-114.140226,51.01246],[-114.140838,51.012457],[-114.141087,51.012456],[-114.141162,51.012456]]}},{"type":"Feature","id":"58828ded-2529-4276-98c4-1c223f2ff625","properties":{"category":"transit-centre","designation":"Transit Centre","priority":null,"source":"Municipal_Development_Plan_Primary_Transit_Network_Points"},"geometry":{"type":"Point","coordinates":[-114.062531,51.077897]}},{"type":"Feature","id":"5b3cb1e6-a888-49d5-8680-554de64034cf","properties":{"category":"transit-undetermined","designation":"Primary Transit Network to be determined","priority":null,"source":"Municipal_Development_Plan_Primary_Transit_Network_Lines"},"geometry":{"type":"LineString","coordinates":[[-114.069221,51.142375],[-114.069457,51.142435],[-114.069688,51.142501],[-114.069915,51.142573],[-114.070136,51.142651],[-114.070352,51.142735],[-114.070561,51.142825],[-114.070764,51.142921],[-114.07096,51.143023],[-114.071149,51.143129],[-114.07133,51.143241],[-114.071504,51.143358],[-114.071669,51.143479],[-114.071825,51.143605],[-114.071973,51.143735],[-114.072111,51.143869],[-114.07224,51.144007],[-114.072359,51.144148],[-114.072468,51.144292],[-114.072567,51.144439],[-114.072655,51.144589],[-114.072733,51.144741],[-114.072801,51.144895],[-114.072857,51.14505],[-114.072903,51.145207],[-114.072938,51.145365],[-114.072961,51.145524],[-114.072964,51.14578],[-114.072978,51.146036],[-114.073002,51.146291],[-114.073037,51.146546],[-114.073083,51.1468],[-114.073139,51.147053],[-114.073206,51.147306],[-114.073284,51.147557],[-114.073372,51.147806],[-114.07347,51.148055],[-114.073579,51.148301],[-114.073698,51.148545]]}},{"type":"Feature","id":"5b4a34cf-b792-4072-91ad-ee80fc05ce17","properties":{"category":"transit-centre","designation":"Transit Centre","priority":null,"source":"Municipal_Development_Plan_Primary_Transit_Network_Points"},"geometry":{"type":"Point","coordinates":[-114.122812,51.079856]}},{"type":"Feature","id":"5c7134ad-ec87-4af5-9a4a-e21fe5fc7984","properties":{"category":"primary-transit","designation":"Primary Transit Network","priority":null,"source":"Municipal_Development_Plan_Primary_Transit_Network_Lines"},"geometry":{"type":"LineString","coordinates":[[-114.05366,51.046227],[-114.054763,51.046274],[-114.055835,51.046308],[-114.058057,51.046382],[-114.060515,51.046452],[-114.067868,51.046634]]}},{"type":"Feature","id":"5e391ca1-f7ac-46b3-94df-70934e79b50a","properties":{"category":"transit-centre","designation":"Transit Centre","priority":null,"source":"Municipal_Development_Plan_Primary_Transit_Network_Points"},"geometry":{"type":"Point","coordinates":[-114.062441,51.104668]}},{"type":"Feature","id":"5f5d8a26-1048-4ac0-87dc-efa3fd4d7e35","properties":{"category":"transit-centre","designation":"Transit Centre","priority":null,"source":"Municipal_Development_Plan_Primary_Transit_Network_Points"},"geometry":{"type":"Point","coordinates":[-114.168866,51.038475]}},{"type":"Feature","id":"6099bc4a-5872-45cf-a6c5-acd7155066e9","properties":{"category":"primary-transit","designation":"Primary Transit Network","priority":null,"source":"Municipal_Development_Plan_Primary_Transit_Network_Lines"},"geometry":{"type":"LineString","coordinates":[[-114.001797,51.139591],[-114.001471,51.139721],[-113.996309,51.139714],[-113.993794,51.139737],[-113.990996,51.139737],[-113.981665,51.139764],[-113.977891,51.13977],[-113.970037,51.139765],[-113.946304,51.139762]]}},{"type":"Feature","id":"6148f3ab-5bc0-4a41-a9ba-387266d32573","properties":{"category":"transit-undetermined","designation":"Primary Transit Network to be determined","priority":null,"source":"Municipal_Development_Plan_Primary_Transit_Network_Lines"},"geometry":{"type":"LineString","coordinates":[[-113.927896,50.863182],[-113.942959,50.863153],[-113.944553,50.86327],[-113.946149,50.86338],[-113.947745,50.863482],[-113.949343,50.863578],[-113.950942,50.863666],[-113.952542,50.863748],[-113.954142,50.863822],[-113.955744,50.863889],[-113.957346,50.863949],[-113.958949,50.864002],[-113.960552,50.864048],[-113.962156,50.864087],[-113.96376,50.864118],[-113.965364,50.864143],[-113.966969,50.86416],[-113.968574,50.864171],[-113.970179,50.864174],[-113.971783,50.86417],[-113.973388,50.864159],[-113.974993,50.864141],[-113.976597,50.864115],[-113.978201,50.864083],[-113.979805,50.864043],[-113.981408,50.863997],[-113.983011,50.863943],[-113.984613,50.863882],[-113.986214,50.863814],[-113.987815,50.863739],[-113.989415,50.863657],[-113.991013,50.863568],[-113.992611,50.863472],[-113.994207,50.863368],[-113.995803,50.863258],[-113.997397,50.86314],[-113.99899,50.863016],[-114.022533,50.862867],[-114.023128,50.863078],[-114.023718,50.863294],[-114.024302,50.863517],[-114.024881,50.863745],[-114.025455,50.863979],[-114.026023,50.864218],[-114.026585,50.864463],[-114.027141,50.864713],[-114.02769,50.864968],[-114.028234,50.865229],[-114.028771,50.865495],[-114.028976,50.865608],[-114.029187,50.865715],[-114.029405,50.865817],[-114.02963,50.865913],[-114.02986,50.866003],[-114.030096,50.866088],[-114.030337,50.866166],[-114.030582,50.866239],[-114.030832,50.866305],[-114.031086,50.866365],[-114.031344,50.866418],[-114.031605,50.866465],[-114.031868,50.866505],[-114.032134,50.866539],[-114.032401,50.866566],[-114.03267,50.866586],[-114.032941,50.866599],[-114.033211,50.866605],[-114.033482,50.866605],[-114.033753,50.866598],[-114.034023,50.866584],[-114.034292,50.866563],[-114.03456,50.866536],[-114.034825,50.866502],[-114.035088,50.866461],[-114.035349,50.866413],[-114.035606,50.866359],[-114.044086,50.865102],[-114.045194,50.864934],[-114.0463,50.864761],[-114.047405,50.864582],[-114.048506,50.864397],[-114.049605,50.864206],[-114.050702,50.864009],[-114.051796,50.863807],[-114.051831,50.864027],[-114.051876,50.864245],[-114.051933,50.864463],[-114.052001,50.86468],[-114.05208,50.864894],[-114.05217,50.865108],[-114.052271,50.865319],[-114.052383,50.865528],[-114.052505,50.865734],[-114.052638,50.865938],[-114.052781,50.86614],[-114.052934,50.866338],[-114.053097,50.866533],[-114.053271,50.866724],[-114.053454,50.866912],[-114.053646,50.867096],[-114.056744,50.869597],[-114.058232,50.870852],[-114.059716,50.87211]]}},{"type":"Feature","id":"64d30126-0798-4019-8c60-7bba68ff65a1","properties":{"category":"lrt","designation":"Skeletal Light Rail Transit","priority":null,"source":"Municipal_Development_Plan_Primary_Transit_Network_Lines"},"geometry":{"type":"LineString","coordinates":[[-114.053541,51.043451],[-114.053415,51.04345],[-114.045094,51.043216],[-114.044788,51.043207],[-114.044456,51.043191],[-114.044213,51.043172],[-114.043906,51.043141],[-114.043672,51.043111],[-114.043383,51.043068],[-114.043086,51.043014],[-114.042822,51.042959],[-114.042507,51.042884],[-114.04223,51.042808],[-114.041952,51.042724],[-114.041637,51.042616],[-114.041374,51.042516],[-114.041127,51.042413],[-114.040881,51.0423],[-114.040601,51.042159],[-114.040339,51.042013],[-114.040147,51.041896],[-114.039943,51.041762],[-114.039736,51.041614],[-114.039533,51.041454],[-114.039336,51.041284],[-114.039127,51.041087],[-114.038889,51.040849],[-114.036182,51.03808],[-114.036068,51.037951],[-114.035971,51.037825],[-114.035889,51.037704],[-114.035808,51.037561],[-114.035743,51.03742],[-114.035689,51.037269],[-114.035646,51.037095],[-114.035626,51.036956],[-114.035614,51.03682],[-114.035614,51.036669],[-114.035623,51.036509],[-114.035651,51.0363],[-114.035685,51.036131],[-114.035726,51.035977],[-114.035785,51.035794],[-114.035865,51.035595],[-114.035952,51.035411],[-114.036082,51.035178],[-114.036233,51.034949],[-114.036402,51.034728],[-114.036572,51.034533],[-114.0368,51.034301],[-114.037755,51.033428],[-114.03796,51.033211],[-114.038082,51.033054],[-114.038186,51.032886],[-114.03829,51.03265],[-114.03834,51.032465],[-114.038366,51.032272],[-114.038361,51.032053],[-114.038323,51.031841],[-114.038248,51.031625],[-114.038136,51.031411],[-114.037999,51.031217],[-114.037815,51.031015],[-114.037586,51.030806],[-114.035334,51.028913],[-114.035184,51.028772],[-114.035034,51.028608],[-114.034926,51.028469],[-114.034842,51.02834],[-114.034762,51.028195],[-114.034696,51.028046],[-114.034621,51.027821],[-114.033767,51.024649],[-114.033728,51.024467],[-114.033693,51.024264],[-114.03367,51.024077],[-114.033569,51.023137],[-114.033532,51.022874],[-114.033481,51.022633],[-114.033416,51.022401],[-114.033346,51.022197],[-114.03327,51.022008],[-114.033146,51.021742],[-114.030967,51.017424],[-114.030764,51.017072],[-114.030509,51.016659],[-114.030289,51.01628],[-114.02999,51.015697],[-114.028541,51.01279],[-114.028365,51.012414],[-114.028241,51.0121],[-114.028068,51.011661],[-114.027839,51.011128],[-114.02713,51.009721],[-114.026819,51.009145],[-114.026409,51.008472],[-114.025886,51.00771],[-114.024926,51.006383],[-114.024537,51.005869],[-114.024177,51.005533],[-114.023804,51.005236],[-114.023431,51.00499],[-114.02302,51.004761],[-114.022542,51.004524],[-114.019774,51.003193],[-114.019115,51.002911],[-114.018485,51.002708],[-114.017808,51.002554],[-114.017093,51.002454],[-114.016414,51.002413],[-114.015615,51.002412],[-114.013557,51.002418],[-114.013318,51.002413],[-114.0131,51.002397],[-114.012904,51.002372],[-114.012715,51.002338],[-114.012505,51.002288],[-114.01235,51.002242],[-114.012193,51.002187],[-114.012045,51.002125],[-114.011887,51.002048],[-114.01175,51.00197],[-114.011626,51.001888],[-114.011503,51.001794],[-114.011394,51.001696],[-114.011284,51.001586],[-114.002363,50.992343],[-113.996013,50.98575],[-113.995669,50.985342],[-113.995382,50.984948],[-113.995093,50.984478],[-113.99488,50.984058],[-113.994714,50.983654],[-113.994566,50.983189],[-113.994427,50.982485],[-113.994341,50.981844],[-113.99403,50.979489],[-113.993979,50.978934],[-113.993971,50.978466],[-113.994014,50.977817],[-113.994095,50.977291],[-113.994152,50.97706],[-113.994219,50.97683],[-113.994294,50.976601],[-113.994378,50.976374],[-113.994471,50.976148],[-113.994573,50.975923],[-113.994662,50.975735],[-113.99476,50.975549],[-113.994867,50.975365],[-113.994983,50.975183],[-113.995108,50.975003],[-113.995241,50.974826],[-113.995383,50.974652],[-113.995533,50.97448],[-113.995691,50.974311],[-113.996156,50.973722],[-113.996631,50.973136],[-113.997115,50.972553],[-113.997608,50.971973],[-113.99811,50.971396],[-113.998886,50.970484],[-114.000018,50.969154],[-114.000174,50.968986],[-114.00032,50.968816],[-114.000457,50.968642],[-114.000585,50.968466],[-114.000703,50.968286],[-114.000812,50.968105],[-114.000911,50.967921],[-114.001001,50.967735],[-114.00108,50.967548],[-114.001149,50.967359],[-114.001208,50.967168],[-114.001257,50.966977],[-114.001296,50.966784],[-114.001345,50.966093],[-114.001342,50.963305],[-114.001341,50.961022],[-114.001342,50.959089],[-114.00134,50.959018],[-114.001326,50.958947],[-114.001301,50.958877],[-114.001266,50.958809],[-114.001221,50.958744],[-114.001166,50.958682],[-114.001101,50.958623],[-114.001028,50.958569],[-114.000947,50.958519],[-114.000859,50.958474],[-114.000764,50.958435],[-113.999972,50.958101],[-113.999276,50.957807],[-113.999178,50.957776],[-113.999085,50.957739],[-113.998998,50.957696],[-113.998918,50.957649],[-113.998845,50.957598],[-113.998779,50.957542],[-113.998722,50.957483],[-113.998673,50.957421],[-113.998634,50.957356],[-113.998605,50.957289],[-113.998585,50.957221],[-113.998575,50.957152],[-113.998575,50.957083],[-113.998585,50.957014],[-113.998606,50.956946],[-113.998606,50.954416],[-113.998609,50.954286],[-113.998602,50.954157],[-113.998585,50.954028],[-113.998559,50.9539],[-113.998522,50.953773],[-113.998476,50.953647],[-113.998414,50.953525],[-113.998343,50.953406],[-113.998261,50.95329],[-113.99817,50.953176],[-113.998069,50.953066],[-113.997959,50.952959],[-113.997864,50.952879],[-113.997762,50.952803],[-113.997654,50.95273],[-113.997054,50.952309],[-113.995375,50.951157],[-113.995026,50.950946],[-113.994702,50.950794],[-113.994348,50.950665],[-113.994011,50.950571],[-113.993685,50.950505],[-113.993204,50.950444],[-113.992791,50.950427],[-113.984214,50.950441],[-113.983734,50.950419],[-113.983319,50.950369],[-113.982937,50.95029],[-113.982562,50.950178],[-113.982157,50.95001],[-113.981818,50.94982],[-113.981589,50.949655],[-113.981368,50.949455],[-113.981178,50.949226],[-113.981054,50.949023],[-113.98094,50.948731],[-113.980899,50.948505],[-113.980882,50.948268],[-113.980678,50.947351],[-113.980614,50.947142],[-113.98054,50.946935],[-113.980456,50.946729],[-113.980363,50.946525],[-113.98026,50.946323],[-113.980147,50.946123],[-113.980025,50.945925],[-113.979893,50.945729],[-113.979753,50.945536],[-113.978163,50.943444],[-113.977155,50.942124],[-113.97666,50.941448],[-113.976287,50.940953],[-113.975966,50.94047],[-113.975692,50.939995],[-113.975411,50.939444],[-113.975118,50.938659],[-113.975071,50.938508],[-113.975014,50.938358],[-113.974945,50.93821],[-113.974866,50.938065],[-113.974776,50.937922],[-113.974676,50.937781],[-113.974566,50.937644],[-113.974446,50.93751],[-113.974316,50.937379],[-113.974176,50.937253],[-113.974028,50.937131],[-113.973871,50.937013],[-113.973589,50.936816],[-113.973226,50.936611],[-113.972985,50.936521],[-113.97274,50.936435],[-113.972491,50.936354],[-113.972238,50.936279],[-113.971982,50.936209],[-113.971721,50.936144],[-113.971458,50.936084],[-113.971101,50.936046],[-113.970498,50.936025],[-113.963161,50.936038],[-113.96275,50.936016],[-113.962275,50.935959],[-113.961867,50.935883],[-113.961488,50.935786],[-113.961096,50.935656],[-113.96069,50.935484],[-113.960321,50.935289],[-113.959966,50.935051],[-113.959679,50.934809],[-113.959404,50.934511],[-113.959198,50.934216],[-113.959004,50.933869],[-113.958847,50.933509],[-113.958729,50.933145],[-113.958644,50.932727],[-113.958614,50.932419],[-113.958611,50.932281],[-113.958499,50.932049],[-113.958493,50.917882],[-113.958519,50.917706],[-113.958536,50.91753],[-113.958543,50.917353],[-113.958541,50.917177],[-113.95853,50.917],[-113.958509,50.916842],[-113.958478,50.916684],[-113.958435,50.916527],[-113.958381,50.916371],[-113.958317,50.916217],[-113.958243,50.916065],[-113.958158,50.915915],[-113.958062,50.915768],[-113.957957,50.915623],[-113.957842,50.915481],[-113.957717,50.915343],[-113.957583,50.915208],[-113.957439,50.915077],[-113.957287,50.91495],[-113.957126,50.914828],[-113.956957,50.91471],[-113.95678,50.914597],[-113.956595,50.914488],[-113.956403,50.914385],[-113.956204,50.914288],[-113.955999,50.914196],[-113.955787,50.914109],[-113.95557,50.914029],[-113.955347,50.913954],[-113.955054,50.913844],[-113.954766,50.913728],[-113.954485,50.913607],[-113.95421,50.91348],[-113.953941,50.913347],[-113.953679,50.913209],[-113.953424,50.913066],[-113.953176,50.912919],[-113.952935,50.912766],[-113.952703,50.912608],[-113.952478,50.912446],[-113.952261,50.91228],[-113.952053,50.912109],[-113.951854,50.911934],[-113.951663,50.911756],[-113.951469,50.9116],[-113.951283,50.91144],[-113.951105,50.911277],[-113.950936,50.91111],[-113.950775,50.91094],[-113.950623,50.910766],[-113.950479,50.91059],[-113.950345,50.910411],[-113.950219,50.910229],[-113.950103,50.910045],[-113.949996,50.909858],[-113.949899,50.90967],[-113.949811,50.909479],[-113.949732,50.909287],[-113.949692,50.909082],[-113.949663,50.908877],[-113.949644,50.908671],[-113.949635,50.908464],[-113.949637,50.908258],[-113.949649,50.908051],[-113.949671,50.907845],[-113.949704,50.90764],[-113.949747,50.907435],[-113.949801,50.907232],[-113.949865,50.907029],[-113.949939,50.906828],[-113.950023,50.906628],[-113.950117,50.906431],[-113.950221,50.906235],[-113.950303,50.906058],[-113.950374,50.905879],[-113.950435,50.905699],[-113.950486,50.905518],[-113.950526,50.905335],[-113.950556,50.905152],[-113.950575,50.904968],[-113.950584,50.904783],[-113.950583,50.904599],[-113.95057,50.904415],[-113.950548,50.904231],[-113.950515,50.904048],[-113.950471,50.903866],[-113.950418,50.903684],[-113.950354,50.903505],[-113.950279,50.903326],[-113.950195,50.90315],[-113.950101,50.902975],[-113.949996,50.902803],[-113.949882,50.902634],[-113.949634,50.90239],[-113.949377,50.90215],[-113.949113,50.901914],[-113.94884,50.901681],[-113.948559,50.901452],[-113.948271,50.901227],[-113.947975,50.901006],[-113.947671,50.90079],[-113.94736,50.900577],[-113.947042,50.900369],[-113.946822,50.900224],[-113.946609,50.900074],[-113.946405,50.89992],[-113.946209,50.899762],[-113.946021,50.8996],[-113.945843,50.899433],[-113.945673,50.899263],[-113.945512,50.89909],[-113.945361,50.898913],[-113.94522,50.898733],[-113.945088,50.89855],[-113.944966,50.898365],[-113.944854,50.898176],[-113.944752,50.897986],[-113.94466,50.897793],[-113.944579,50.897599],[-113.944508,50.897403],[-113.944447,50.897206],[-113.944397,50.897007],[-113.944358,50.896808],[-113.94433,50.896608],[-113.944312,50.896407],[-113.944305,50.896206],[-113.944309,50.896005],[-113.944323,50.895804],[-113.944163,50.895267],[-113.944012,50.894729],[-113.943871,50.894189],[-113.943739,50.893649],[-113.943368,50.891046],[-113.942891,50.888299],[-113.942872,50.888037],[-113.942844,50.887776],[-113.942806,50.887515],[-113.942759,50.887255],[-113.942703,50.886996],[-113.942637,50.886737],[-113.942562,50.88648],[-113.942428,50.886134],[-113.942285,50.88579],[-113.942132,50.885447],[-113.941971,50.885106],[-113.9418,50.884767],[-113.941621,50.88443],[-113.941432,50.884094],[-113.941235,50.883761],[-113.941171,50.883649],[-113.941117,50.883535],[-113.941072,50.88342],[-113.941036,50.883303],[-113.94101,50.883186],[-113.940994,50.883067],[-113.940988,50.882948],[-113.940992,50.88283],[-113.941005,50.882711],[-113.941028,50.882593],[-113.941061,50.882476],[-113.941103,50.88236],[-113.941156,50.882244],[-113.941219,50.88213],[-113.941292,50.882019],[-113.941374,50.881909],[-113.941466,50.881803],[-113.941566,50.881701],[-113.941676,50.881602],[-113.941793,50.881506],[-113.941919,50.881415],[-113.942052,50.881329],[-113.942195,50.881246],[-113.942344,50.881168],[-113.942499,50.881096],[-113.942659,50.881028],[-113.942825,50.880965],[-113.942996,50.880908],[-113.943171,50.880856],[-113.94335,50.88081],[-113.943532,50.88077],[-113.94696,50.880029],[-113.948708,50.879624],[-113.95099,50.879122],[-113.952918,50.878684],[-113.95303,50.878662],[-113.95314,50.878634],[-113.953245,50.8786],[-113.953346,50.878561],[-113.953441,50.878517],[-113.95353,50.878468],[-113.953613,50.878415],[-113.953688,50.878357],[-113.953756,50.878296],[-113.953806,50.878229],[-113.953848,50.87816],[-113.953881,50.878088],[-113.953904,50.878016],[-113.953919,50.877942],[-113.953949,50.877705],[-113.953928,50.872537],[-113.953911,50.872391],[-113.953853,50.872226],[-113.953755,50.872068],[-113.953648,50.871949],[-113.953493,50.871822],[-113.953257,50.871684],[-113.953073,50.871606],[-113.95287,50.871543],[-113.95263,50.871494],[-113.952404,50.871469],[-113.952224,50.871463]]}},{"type":"Feature","id":"6663f35e-cab0-44f8-a5c4-d8f9242f302d","properties":{"category":"transit-centre","designation":"Transit Centre","priority":null,"source":"Municipal_Development_Plan_Primary_Transit_Network_Points"},"geometry":{"type":"Point","coordinates":[-113.966986,51.118128]}},{"type":"Feature","id":"6c3511e2-b9b6-4e9e-a0d6-7d93a3d76e94","properties":{"category":"regional-hub","designation":"Regional/ Inter City Gateway Hub","priority":null,"source":"Municipal_Development_Plan_Primary_Transit_Network_Points"},"geometry":{"type":"Point","coordinates":[-114.212313,51.102119]}},{"type":"Feature","id":"6c7f4741-bc13-4dc2-a418-2150fbc0f39f","properties":{"category":"hub","designation":"Primary Transit Hub","priority":null,"source":"Municipal_Development_Plan_Primary_Transit_Network_Points"},"geometry":{"type":"Point","coordinates":[-114.062518,51.066927]}},{"type":"Feature","id":"6d1a34b1-95d7-446f-9e3e-ac3d79cebe32","properties":{"category":"hub","designation":"Primary Transit Hub","priority":null,"source":"Municipal_Development_Plan_Primary_Transit_Network_Points"},"geometry":{"type":"Point","coordinates":[-113.994243,50.976619]}},{"type":"Feature","id":"6d728935-992b-4651-92e3-6a5d8355dfa0","properties":{"category":"hub","designation":"Primary Transit Hub","priority":null,"source":"Municipal_Development_Plan_Primary_Transit_Network_Points"},"geometry":{"type":"Point","coordinates":[-114.129584,51.008876]}},{"type":"Feature","id":"6f7da673-f19b-4b47-90ad-daa6b78fb85a","properties":{"category":"primary-transit","designation":"Primary Transit Network","priority":null,"source":"Municipal_Development_Plan_Primary_Transit_Network_Lines"},"geometry":{"type":"LineString","coordinates":[[-113.958518,50.979648],[-113.960794,50.979649],[-113.961528,50.97965],[-113.962697,50.97965],[-113.963612,50.97965],[-113.964902,50.979651],[-113.965658,50.979651],[-113.966632,50.979651],[-113.968049,50.979649],[-113.968803,50.979648],[-113.970077,50.979647],[-113.971166,50.979646],[-113.972387,50.979645],[-113.9732,50.979644],[-113.974046,50.979643],[-113.975537,50.979642],[-113.976362,50.979641],[-113.977534,50.979641],[-113.978787,50.979642],[-113.979721,50.979633],[-113.980503,50.979632],[-113.981777,50.979631],[-113.982965,50.979629],[-113.984091,50.97962],[-113.985149,50.979615],[-113.98573,50.979611],[-113.987458,50.979602],[-113.988354,50.979596],[-113.989474,50.979592],[-113.990594,50.979589],[-113.99146,50.979587],[-113.992698,50.979577],[-113.993688,50.979572],[-113.994412,50.979584],[-113.995831,50.979609],[-113.996648,50.979521],[-113.997846,50.979534],[-113.998807,50.979537],[-113.999992,50.979532],[-114.001098,50.979513],[-114.002191,50.979523],[-114.00412,50.979558],[-114.007803,50.979558],[-114.008196,50.979549],[-114.00859,50.979546],[-114.008984,50.97955],[-114.009378,50.97956],[-114.009771,50.979577],[-114.010164,50.9796],[-114.010555,50.979629],[-114.010945,50.979665],[-114.011317,50.979707],[-114.011688,50.97975],[-114.011902,50.979776],[-114.012115,50.979806],[-114.013235,50.980011],[-114.014279,50.980234],[-114.015389,50.980553],[-114.015817,50.98069],[-114.016197,50.980812],[-114.016324,50.980859],[-114.016949,50.981095],[-114.01725,50.98123],[-114.018193,50.981653],[-114.018511,50.981817],[-114.018823,50.981985],[-114.01913,50.982157],[-114.019431,50.982334],[-114.019725,50.982514],[-114.020014,50.982698],[-114.021739,50.984002],[-114.025829,50.987458],[-114.026089,50.987323],[-114.026239,50.987263],[-114.026478,50.987184],[-114.026752,50.987118],[-114.026889,50.98709],[-114.027155,50.987067],[-114.02746,50.987049],[-114.029183,50.987069],[-114.032589,50.987105],[-114.037082,50.987124],[-114.038966,50.987133],[-114.039761,50.987179],[-114.040895,50.987269],[-114.04139,50.987295],[-114.04253,50.987233],[-114.044123,50.987164],[-114.044838,50.987129],[-114.045415,50.987059],[-114.045937,50.986946],[-114.046335,50.986824],[-114.046549,50.986752],[-114.047005,50.986545],[-114.047366,50.986332],[-114.047727,50.986051],[-114.048176,50.985521],[-114.048319,50.985253],[-114.048463,50.984718],[-114.04848,50.984432],[-114.048482,50.982688],[-114.048459,50.982094],[-114.0485,50.981708],[-114.048596,50.981456],[-114.048816,50.981248],[-114.049104,50.981078],[-114.049282,50.980998],[-114.050046,50.980794],[-114.052593,50.980097],[-114.053779,50.979812],[-114.054486,50.979662],[-114.05506,50.97959],[-114.055469,50.979573],[-114.056783,50.979572],[-114.059956,50.979577],[-114.071585,50.979578],[-114.083163,50.979579],[-114.093438,50.979569],[-114.094793,50.979591],[-114.094855,50.979579]]}},{"type":"Feature","id":"72b937a9-4cab-4b28-8df9-d3664adc620c","properties":{"category":"hub","designation":"Primary Transit Hub","priority":null,"source":"Municipal_Development_Plan_Primary_Transit_Network_Points"},"geometry":{"type":"Point","coordinates":[-114.140976,51.075915]}},{"type":"Feature","id":"72ed348f-ccbf-40a0-9f2b-72b74815c643","properties":{"category":"hub","designation":"Primary Transit Hub","priority":null,"source":"Municipal_Development_Plan_Primary_Transit_Network_Points"},"geometry":{"type":"Point","coordinates":[-114.073375,50.950452]}},{"type":"Feature","id":"72fdc0b6-4b47-49b2-94be-2c6b13c89d41","properties":{"category":"primary-transit","designation":"Primary Transit Network","priority":null,"source":"Municipal_Development_Plan_Primary_Transit_Network_Lines"},"geometry":{"type":"LineString","coordinates":[[-114.024773,51.21254],[-114.024883,51.188433],[-114.024893,51.188293],[-114.024914,51.188154],[-114.024945,51.188016],[-114.024987,51.187879],[-114.02504,51.187743],[-114.025103,51.187609],[-114.025177,51.187478],[-114.02526,51.187348],[-114.025354,51.187221],[-114.025457,51.187098],[-114.02557,51.186977],[-114.025692,51.186861],[-114.025823,51.186748],[-114.025963,51.186639],[-114.026111,51.186535],[-114.026266,51.186435],[-114.02643,51.186341],[-114.0266,51.186251],[-114.026777,51.186167],[-114.026961,51.186088],[-114.027151,51.186015],[-114.027345,51.185948],[-114.027545,51.185887],[-114.02775,51.185832],[-114.027958,51.185783],[-114.02817,51.185741],[-114.028385,51.185706],[-114.028603,51.185677],[-114.028822,51.185655],[-114.029043,51.18564],[-114.029265,51.185631],[-114.029487,51.185629],[-114.029709,51.185634],[-114.029952,51.185671],[-114.030197,51.1857],[-114.030444,51.185723],[-114.030692,51.185739],[-114.030942,51.185749],[-114.031191,51.185751],[-114.031441,51.185747],[-114.03169,51.185736],[-114.031938,51.185718],[-114.032185,51.185693],[-114.032429,51.185662],[-114.032671,51.185624],[-114.032911,51.185579],[-114.033147,51.185528],[-114.033379,51.18547],[-114.033607,51.185406],[-114.03383,51.185336],[-114.034049,51.18526],[-114.034262,51.185178],[-114.034468,51.18509],[-114.034669,51.184997],[-114.034863,51.184898],[-114.03505,51.184794],[-114.03523,51.184685],[-114.035401,51.184571],[-114.035565,51.184453],[-114.035721,51.18433],[-114.035867,51.184203],[-114.036005,51.184072],[-114.036134,51.183937],[-114.036253,51.1838],[-114.036363,51.183659],[-114.036462,51.183515],[-114.036473,51.175631],[-114.036504,51.175441],[-114.036523,51.175251],[-114.03653,51.17506],[-114.036527,51.174869],[-114.036511,51.174678],[-114.036485,51.174488],[-114.036447,51.174298],[-114.036398,51.174109],[-114.036338,51.173922],[-114.036266,51.173737],[-114.036184,51.173553],[-114.036091,51.173371],[-114.035987,51.173191],[-114.035872,51.173014],[-114.035747,51.17284],[-114.035612,51.172669],[-114.035466,51.172502],[-114.035311,51.172337],[-114.035146,51.172177],[-114.034972,51.172021],[-114.034788,51.171868],[-114.034596,51.171721],[-114.034395,51.171577],[-114.034185,51.171439],[-114.033967,51.171306],[-114.033742,51.171178],[-114.033509,51.171055],[-114.033269,51.170938],[-114.033022,51.170826],[-114.032769,51.170721],[-114.03251,51.170621],[-114.032244,51.170528],[-114.031974,51.170441],[-114.031698,51.17036],[-114.031418,51.170286],[-114.031134,51.170219],[-114.030846,51.170158],[-114.030554,51.170104],[-114.03026,51.170057],[-114.029963,51.170017],[-114.029664,51.169984],[-114.02921,51.16987],[-114.028752,51.169762],[-114.028291,51.169661],[-114.027826,51.169567],[-114.027357,51.16948],[-114.026886,51.169399],[-114.026411,51.169325],[-114.025934,51.169259],[-114.025455,51.169199],[-114.024974,51.169146],[-114.024491,51.1691],[-114.024006,51.169061],[-114.02352,51.169029],[-114.023033,51.169004],[-114.022545,51.168986],[-114.022057,51.168975],[-114.021568,51.168972],[-114.02108,51.168975],[-114.020591,51.168986],[-114.020104,51.169003],[-113.993702,51.168889],[-113.990478,51.168889],[-113.990092,51.168904],[-113.989705,51.168911],[-113.989318,51.168912],[-113.988931,51.168906],[-113.988544,51.168894],[-113.988158,51.168874],[-113.987773,51.168848],[-113.987389,51.168815],[-113.987007,51.168776],[-113.986627,51.168729],[-113.986249,51.168676],[-113.985874,51.168617],[-113.985501,51.168551],[-113.985132,51.168478],[-113.984766,51.168399],[-113.984403,51.168314],[-113.984044,51.168222],[-113.98369,51.168125],[-113.98334,51.168021],[-113.982995,51.16791],[-113.982655,51.167794],[-113.98232,51.167672],[-113.98199,51.167544],[-113.98175,51.167422],[-113.981503,51.167306],[-113.98125,51.167195],[-113.980991,51.167089],[-113.980727,51.166988],[-113.980457,51.166894],[-113.980183,51.166805],[-113.979904,51.166722],[-113.97962,51.166645],[-113.979333,51.166574],[-113.979042,51.166509],[-113.978748,51.166451],[-113.97845,51.166398],[-113.97815,51.166352],[-113.977848,51.166313],[-113.977544,51.16628],[-113.977238,51.166253],[-113.976931,51.166233],[-113.976623,51.16622],[-113.976314,51.166213],[-113.976006,51.166213],[-113.975697,51.166219],[-113.949151,51.166131],[-113.948962,51.166124],[-113.948774,51.166111],[-113.948587,51.166092],[-113.948402,51.166065],[-113.94822,51.166032],[-113.948041,51.165993],[-113.947866,51.165947],[-113.947695,51.165895],[-113.94753,51.165837],[-113.94737,51.165773],[-113.947216,51.165703],[-113.947068,51.165628],[-113.946928,51.165548],[-113.946795,51.165463],[-113.94667,51.165374],[-113.946554,51.16528],[-113.946446,51.165182],[-113.946347,51.16508],[-113.946258,51.164975],[-113.946178,51.164867],[-113.946108,51.164756],[-113.946048,51.164643],[-113.945999,51.164527],[-113.94596,51.164411],[-113.945932,51.164293],[-113.945915,51.164174],[-113.945909,51.164055],[-113.945937,51.139897],[-113.946318,51.127483],[-113.946916,51.126565]]}},{"type":"Feature","id":"73e21f82-563a-44d5-abd5-0b33386af7b6","properties":{"category":"hub","designation":"Primary Transit Hub","priority":null,"source":"Municipal_Development_Plan_Primary_Transit_Network_Points"},"geometry":{"type":"Point","coordinates":[-114.063961,51.112915]}},{"type":"Feature","id":"75186238-1eab-4f34-a7d8-0f1530f6e2d0","properties":{"category":"primary-transit","designation":"Primary Transit Network","priority":null,"source":"Municipal_Development_Plan_Primary_Transit_Network_Lines"},"geometry":{"type":"LineString","coordinates":[[-114.071669,51.001396],[-114.073817,51.001378],[-114.077023,51.001378],[-114.080698,51.001377],[-114.08136,51.001377],[-114.081726,51.00151]]}},{"type":"Feature","id":"76398239-a780-498f-94eb-a01b200a3d58","properties":{"category":"regional-hub","designation":"Regional/ Inter City Gateway Hub","priority":null,"source":"Municipal_Development_Plan_Primary_Transit_Network_Points"},"geometry":{"type":"Point","coordinates":[-114.000558,51.134266]}},{"type":"Feature","id":"775919b2-ce4f-4590-8bdd-529f2fd68500","properties":{"category":"primary-transit","designation":"Primary Transit Network","priority":null,"source":"Municipal_Development_Plan_Primary_Transit_Network_Lines"},"geometry":{"type":"LineString","coordinates":[[-113.981609,51.081497],[-113.958302,51.081519]]}},{"type":"Feature","id":"7801c52e-3f85-446f-a1c4-e7775e63d486","properties":{"category":"hub","designation":"Primary Transit Hub","priority":null,"source":"Municipal_Development_Plan_Primary_Transit_Network_Points"},"geometry":{"type":"Point","coordinates":[-113.966747,50.936025]}},{"type":"Feature","id":"7ab2ade9-743b-450b-9e52-7276e641a98a","properties":{"category":"primary-transit","designation":"Primary Transit Network","priority":null,"source":"Municipal_Development_Plan_Primary_Transit_Network_Lines"},"geometry":{"type":"LineString","coordinates":[[-114.070751,50.903118],[-114.066099,50.904111],[-114.062222,50.905052],[-114.058368,50.906006],[-114.057115,50.906312],[-114.05532,50.906871],[-114.052245,50.906613],[-114.047846,50.906614],[-114.043022,50.906611],[-114.04049,50.906605],[-114.03893,50.90658],[-114.038264,50.906516],[-114.036818,50.906191],[-114.036176,50.905958],[-114.035803,50.905811],[-114.03527,50.905598],[-114.034697,50.905295],[-114.033964,50.905075],[-114.033339,50.904827],[-114.032782,50.904589],[-114.032375,50.904552],[-114.031647,50.904441],[-114.030913,50.904346],[-114.030138,50.904247],[-114.029149,50.904121],[-114.028021,50.903977],[-114.027149,50.903856],[-114.026471,50.9037],[-114.025636,50.90335],[-114.024997,50.902893],[-114.024709,50.90258],[-114.024452,50.902122],[-114.024364,50.901782],[-114.024244,50.901262],[-114.02435,50.90101],[-114.024353,50.900733],[-114.024355,50.900304],[-114.024357,50.899935],[-114.024363,50.899413],[-114.024392,50.899075],[-114.024417,50.898914],[-114.024534,50.898395],[-114.024672,50.89784],[-114.024787,50.897374],[-114.024903,50.896916],[-114.024998,50.896534],[-114.025107,50.896098],[-114.025204,50.895704],[-114.025312,50.895256],[-114.025416,50.894836],[-114.025532,50.894364],[-114.025716,50.893846],[-114.025675,50.893516],[-114.025835,50.893039],[-114.025791,50.892632]]}},{"type":"Feature","id":"7b4a6642-3a2a-44ba-9139-95f59cb74e10","properties":{"category":"transit-centre","designation":"Transit Centre","priority":null,"source":"Municipal_Development_Plan_Primary_Transit_Network_Points"},"geometry":{"type":"Point","coordinates":[-114.058322,51.038538]}},{"type":"Feature","id":"7ed7295c-a636-4e4f-830f-36c46c62e60a","properties":{"category":"transit-centre","designation":"Transit Centre","priority":null,"source":"Municipal_Development_Plan_Primary_Transit_Network_Points"},"geometry":{"type":"Point","coordinates":[-114.00229,50.992275]}},{"type":"Feature","id":"7efc4bdb-47d7-49d6-a6a0-bb9cc536b2ba","properties":{"category":"transit-centre","designation":"Transit Centre","priority":null,"source":"Municipal_Development_Plan_Primary_Transit_Network_Points"},"geometry":{"type":"Point","coordinates":[-114.036271,51.029707]}},{"type":"Feature","id":"7fb8673b-b803-4fef-97b6-07b1bf6fca68","properties":{"category":"primary-transit","designation":"Primary Transit Network","priority":null,"source":"Municipal_Development_Plan_Primary_Transit_Network_Lines"},"geometry":{"type":"LineString","coordinates":[[-113.998558,50.953943],[-113.998838,50.953939],[-113.999338,50.953955],[-113.999465,50.953968],[-113.999586,50.954004],[-114.000011,50.954117],[-114.000571,50.954225],[-114.000675,50.954244],[-114.000763,50.953954],[-114.0009,50.95362],[-114.001159,50.953209],[-114.001697,50.952599],[-114.002309,50.952037],[-114.002958,50.951328],[-114.003273,50.950683],[-114.004182,50.948902],[-114.004535,50.948978],[-114.00549,50.949242],[-114.007707,50.949822],[-114.009439,50.950292],[-114.010248,50.950525],[-114.011024,50.950717],[-114.012094,50.950998],[-114.012715,50.951169],[-114.014364,50.951559],[-114.015415,50.951761],[-114.016025,50.951875],[-114.016875,50.951997],[-114.017788,50.952127],[-114.019156,50.95229],[-114.021075,50.952523],[-114.022052,50.952654],[-114.02291,50.952742],[-114.023722,50.95271],[-114.024066,50.952672],[-114.024488,50.952573],[-114.024762,50.952393],[-114.025656,50.951394],[-114.026552,50.95057],[-114.027545,50.949877],[-114.028567,50.949356],[-114.029844,50.948875],[-114.030599,50.948659],[-114.031982,50.948362],[-114.032718,50.948254],[-114.033699,50.948221],[-114.034682,50.948208],[-114.036322,50.948214],[-114.036901,50.94822],[-114.037913,50.94822],[-114.038905,50.948201],[-114.039946,50.948213],[-114.041007,50.948219],[-114.04196,50.948224],[-114.043414,50.948199],[-114.044209,50.948211],[-114.045594,50.948223],[-114.046528,50.948223],[-114.047382,50.948229],[-114.048168,50.948216],[-114.049573,50.948215],[-114.05084,50.948202],[-114.051842,50.948202],[-114.052765,50.948201],[-114.053845,50.948207],[-114.055103,50.948262],[-114.056144,50.948374],[-114.057117,50.948528],[-114.058266,50.948776],[-114.059318,50.949005],[-114.060069,50.949209],[-114.061479,50.949531],[-114.062157,50.949674],[-114.063258,50.949934],[-114.064309,50.950156],[-114.065272,50.950286],[-114.066451,50.950397],[-114.067561,50.95044],[-114.068867,50.950458],[-114.07339,50.950459]]}},{"type":"Feature","id":"81cb7164-7d98-4957-a077-91ae46bb857d","properties":{"category":"primary-transit","designation":"Primary Transit Network","priority":null,"source":"Municipal_Development_Plan_Primary_Transit_Network_Lines"},"geometry":{"type":"LineString","coordinates":[[-114.035903,51.038487],[-114.035261,51.037952],[-114.03438,51.037443],[-114.033497,51.037089],[-114.032889,51.036875],[-114.032133,51.036615],[-114.031347,51.036406],[-114.030249,51.036178],[-114.029369,51.036054],[-114.028562,51.036002],[-114.027558,51.035976],[-114.026419,51.036074],[-114.025342,51.036218],[-114.024504,51.036388],[-114.023852,51.036584],[-114.023107,51.036754],[-114.022196,51.036969],[-114.021252,51.037184],[-114.020539,51.037357],[-114.019734,51.037514],[-114.018946,51.037629],[-114.018391,51.037692],[-114.017843,51.037723],[-114.016865,51.037734],[-114.015994,51.037703],[-114.015107,51.03763],[-114.014153,51.037509],[-114.011001,51.037071],[-114.010064,51.036982],[-114.009177,51.036961],[-114.007875,51.037003],[-114.006614,51.037034],[-114.004757,51.037034],[-113.999416,51.037076],[-113.998429,51.037123],[-113.9975,51.037212],[-113.996713,51.037332],[-113.99595,51.037489],[-113.99556,51.037547],[-113.994847,51.037667],[-113.994375,51.037737],[-113.994134,51.037737],[-113.993065,51.037737],[-113.991996,51.037737],[-113.990926,51.037737],[-113.989857,51.037737],[-113.988787,51.037737],[-113.987718,51.037737],[-113.986649,51.037737],[-113.985579,51.037738],[-113.984581,51.037771],[-113.983077,51.037782],[-113.982371,51.037738],[-113.981302,51.037738],[-113.980168,51.037859],[-113.978696,51.037856],[-113.978041,51.037854],[-113.977223,51.037852],[-113.975751,51.037849],[-113.974341,51.037845],[-113.972879,51.037841],[-113.972083,51.037839],[-113.971446,51.037838],[-113.970027,51.037837],[-113.969269,51.037837],[-113.968608,51.037837],[-113.967327,51.037831],[-113.96577,51.037836],[-113.964658,51.037836],[-113.964365,51.037836],[-113.962738,51.037836],[-113.961385,51.037835],[-113.961066,51.037847],[-113.96047,51.037857],[-113.959506,51.037859],[-113.958779,51.037862],[-113.957855,51.037861],[-113.956944,51.037858],[-113.955588,51.037847],[-113.95442,51.037862],[-113.952816,51.037856],[-113.951281,51.03784],[-113.950272,51.03784],[-113.949454,51.037855],[-113.946995,51.037864],[-113.945876,51.037865],[-113.945368,51.037865],[-113.944945,51.037865],[-113.944379,51.037865],[-113.942857,51.037873],[-113.942667,51.037865],[-113.941463,51.037865],[-113.940493,51.037866],[-113.939354,51.037867],[-113.938619,51.037858],[-113.937422,51.037842],[-113.936354,51.037829],[-113.935241,51.037814],[-113.908566,51.037847],[-113.904248,51.037854],[-113.90199,51.037845],[-113.901593,51.037844],[-113.900512,51.037843],[-113.900365,51.037843],[-113.899582,51.037843],[-113.899003,51.037843],[-113.898521,51.037843],[-113.898241,51.037843],[-113.897903,51.037843],[-113.897265,51.037844],[-113.896992,51.037844],[-113.896725,51.037844],[-113.895989,51.037844],[-113.895488,51.037844],[-113.894954,51.037844],[-113.894752,51.037844],[-113.894623,51.037844],[-113.894076,51.037844],[-113.89375,51.037844],[-113.893334,51.037844],[-113.892989,51.037843],[-113.892781,51.037843],[-113.892117,51.037843],[-113.891681,51.037843],[-113.891238,51.037843],[-113.890848,51.037843],[-113.890347,51.037844],[-113.890054,51.037844],[-113.889631,51.037844],[-113.88926,51.037844],[-113.888895,51.037845],[-113.888675,51.037845],[-113.888166,51.037845],[-113.8876,51.037845],[-113.887118,51.037845],[-113.886663,51.037845],[-113.886337,51.037845],[-113.885745,51.037845],[-113.884938,51.037845],[-113.884443,51.037845],[-113.883871,51.037845],[-113.883324,51.037846],[-113.88294,51.037846],[-113.882426,51.037846],[-113.881957,51.037846],[-113.881521,51.037846],[-113.88089,51.037846],[-113.88048,51.037846],[-113.880005,51.037846],[-113.879302,51.037846],[-113.878644,51.037846],[-113.878065,51.037846],[-113.877733,51.037846],[-113.877356,51.037847],[-113.876803,51.037847],[-113.876347,51.037848],[-113.876015,51.037848],[-113.87569,51.037848],[-113.875273,51.037849],[-113.874792,51.037849],[-113.874284,51.037849],[-113.873607,51.03785],[-113.873015,51.037851],[-113.872344,51.037851],[-113.871648,51.037852],[-113.871251,51.037853],[-113.870847,51.037853],[-113.868175,51.037848]]}},{"type":"Feature","id":"83370104-121f-4d08-b9cd-cded0eaab535","properties":{"category":"primary-transit","designation":"Primary Transit Network","priority":null,"source":"Municipal_Development_Plan_Primary_Transit_Network_Lines"},"geometry":{"type":"LineString","coordinates":[[-114.129418,51.008717],[-114.121438,51.008717],[-114.118,51.008726]]}},{"type":"Feature","id":"89283b76-98fa-4961-b28a-c5ed46f41104","properties":{"category":"hub","designation":"Primary Transit Hub","priority":null,"source":"Municipal_Development_Plan_Primary_Transit_Network_Points"},"geometry":{"type":"Point","coordinates":[-113.981545,51.037773]}},{"type":"Feature","id":"89ab6745-4a0f-4cdb-8e88-9b9f437ec256","properties":{"category":"hub","designation":"Primary Transit Hub","priority":null,"source":"Municipal_Development_Plan_Primary_Transit_Network_Points"},"geometry":{"type":"Point","coordinates":[-114.175838,51.016408]}},{"type":"Feature","id":"8aee656a-5fa1-429e-8f4c-f6d8bfdeec3d","properties":{"category":"primary-transit","designation":"Primary Transit Network","priority":null,"source":"Municipal_Development_Plan_Primary_Transit_Network_Lines"},"geometry":{"type":"LineString","coordinates":[[-114.083166,50.994378],[-114.08613,50.994384],[-114.087666,50.994363],[-114.089052,50.994334],[-114.09042,50.994293],[-114.091662,50.994246],[-114.092751,50.994189],[-114.093687,50.99412],[-114.094236,50.994102],[-114.094695,50.994119],[-114.0952,50.994158],[-114.095855,50.994228],[-114.09645,50.994323],[-114.09695,50.994424],[-114.09744,50.994544],[-114.09789,50.994681],[-114.098343,50.994829],[-114.098833,50.995037],[-114.09933,50.99526],[-114.101499,50.996242],[-114.10218,50.996528],[-114.102917,50.996809],[-114.103701,50.99708],[-114.104524,50.997357],[-114.105278,50.997579],[-114.10619,50.997825],[-114.107061,50.998028],[-114.108051,50.998231],[-114.115036,50.999683],[-114.116133,51.000039],[-114.117002,51.000428],[-114.117335,51.000625],[-114.117551,51.000813],[-114.117739,51.001093],[-114.117914,51.001391],[-114.117994,51.001597],[-114.118038,51.001844],[-114.118019,51.002177],[-114.117982,51.002654],[-114.11795,51.003144],[-114.117927,51.003584],[-114.117979,51.005461],[-114.118,51.008708]]}},{"type":"Feature","id":"8c068d30-fc18-4c41-9897-dbe991a71969","properties":{"category":"lrt","designation":"Skeletal Light Rail Transit","priority":null,"source":"Municipal_Development_Plan_Primary_Transit_Network_Lines"},"geometry":{"type":"LineString","coordinates":[[-114.192366,51.037645],[-114.189475,51.037648],[-114.187573,51.037651],[-114.186406,51.037652],[-114.185982,51.037652],[-114.185559,51.037657],[-114.185135,51.037669],[-114.184713,51.037687],[-114.18429,51.037711],[-114.183869,51.037742],[-114.18345,51.037779],[-114.183265,51.037809],[-114.183078,51.037833],[-114.18289,51.037851],[-114.1827,51.037861],[-114.182509,51.037864],[-114.182319,51.037861],[-114.182129,51.037851],[-114.18194,51.037834],[-114.181753,51.03781],[-114.181568,51.03778],[-114.181387,51.037742],[-114.181209,51.037699],[-114.180122,51.037459],[-114.179719,51.03736],[-114.179313,51.037268],[-114.178904,51.03718],[-114.178491,51.037099],[-114.177146,51.036809],[-114.176934,51.036767],[-114.176719,51.036731],[-114.176501,51.0367],[-114.176282,51.036676],[-114.176061,51.036657],[-114.175839,51.036644],[-114.175585,51.036631],[-114.175329,51.036624],[-114.175073,51.036624],[-114.174818,51.03663],[-114.174563,51.036643],[-114.174309,51.036662],[-114.174056,51.036688],[-114.173806,51.03672],[-114.173558,51.036759],[-114.173286,51.03681],[-114.173018,51.036868],[-114.172754,51.036933],[-114.172495,51.037004],[-114.17224,51.037082],[-114.17199,51.037166],[-114.171746,51.037257],[-114.171507,51.037354],[-114.171275,51.037456],[-114.170781,51.037666],[-114.17029,51.037878],[-114.167084,51.039238],[-114.166847,51.039351],[-114.166605,51.039458],[-114.166356,51.03956],[-114.166102,51.039655],[-114.165843,51.039745],[-114.165578,51.039829],[-114.165309,51.039906],[-114.165111,51.039949],[-114.16491,51.039985],[-114.164707,51.040014],[-114.164501,51.040037],[-114.164294,51.040052],[-114.164086,51.040061],[-114.163877,51.040062],[-114.163668,51.040057],[-114.163461,51.040045],[-114.163254,51.040025],[-114.16305,51.039999],[-114.162847,51.039966],[-114.162648,51.039926],[-114.162453,51.03988],[-114.162175,51.039799],[-114.161901,51.039714],[-114.161631,51.039624],[-114.161365,51.039529],[-114.161203,51.039416],[-114.161033,51.039308],[-114.160854,51.039206],[-114.160669,51.039109],[-114.160476,51.039017],[-114.160277,51.038931],[-114.160071,51.038852],[-114.159922,51.038744],[-114.159765,51.038642],[-114.1596,51.038545],[-114.159428,51.038453],[-114.159248,51.038366],[-114.159062,51.038285],[-114.15887,51.038211],[-114.158699,51.038156],[-114.158524,51.038107],[-114.158345,51.038063],[-114.158164,51.038024],[-114.157979,51.037991],[-114.157792,51.037964],[-114.155515,51.037952],[-114.152501,51.037985],[-114.14281,51.037978],[-114.139361,51.037975],[-114.13899,51.037987],[-114.138701,51.038026],[-114.138388,51.038089],[-114.138137,51.038175],[-114.137904,51.038281],[-114.137699,51.038392],[-114.137516,51.038527],[-114.137375,51.038657],[-114.137235,51.03883],[-114.136327,51.040332],[-114.136072,51.040731],[-114.135932,51.040893],[-114.13577,51.041039],[-114.135582,51.04117],[-114.135341,51.041305],[-114.135058,51.041419],[-114.134832,51.041488],[-114.134573,51.041552],[-114.134335,51.041581],[-114.1341,51.041599],[-114.133603,51.041617],[-114.133142,51.041623],[-114.132111,51.041625],[-114.128886,51.041624],[-114.128339,51.041625],[-114.127755,51.041639],[-114.127107,51.041667],[-114.126236,51.041682],[-114.123263,51.041687],[-114.122673,51.041676],[-114.122248,51.041668],[-114.121585,51.041655],[-114.120786,51.041628],[-114.120153,51.041611],[-114.119677,51.041611],[-114.119181,51.041621],[-114.118612,51.041653],[-114.118014,51.041695],[-114.117395,51.041763],[-114.116683,51.041873],[-114.116158,51.041964],[-114.115654,51.042069],[-114.11515,51.042192],[-114.11469,51.042315],[-114.114129,51.042484],[-114.113661,51.042639],[-114.112992,51.042857],[-114.112021,51.043208],[-114.111224,51.0435],[-114.110387,51.043807],[-114.110101,51.043918],[-114.109795,51.04404],[-114.109468,51.044185],[-114.108997,51.044393],[-114.108521,51.044613],[-114.108297,51.044693],[-114.108094,51.044761],[-114.107828,51.044833],[-114.107527,51.044899],[-114.107305,51.044932],[-114.107024,51.044964],[-114.106709,51.044985],[-114.10642,51.044986],[-114.096895,51.04472],[-114.0967,51.044715],[-114.096439,51.044725],[-114.09613,51.044746],[-114.095839,51.044776],[-114.095569,51.04482],[-114.095308,51.044873],[-114.095092,51.044932],[-114.0949,51.044992],[-114.094624,51.045095],[-114.094462,51.045163],[-114.094261,51.045263],[-114.094064,51.045381],[-114.093851,51.045515],[-114.092844,51.046191],[-114.092604,51.046346],[-114.092441,51.046437],[-114.092307,51.046502],[-114.092185,51.046553],[-114.092026,51.04661],[-114.091876,51.046658],[-114.091738,51.046697],[-114.091573,51.046728],[-114.08968,51.047009],[-114.089468,51.047048],[-114.089308,51.047084],[-114.08902,51.047153],[-114.088891,51.047178],[-114.088722,51.047201],[-114.088551,51.047212],[-114.088383,51.047217],[-114.085903,51.04714]]}},{"type":"Feature","id":"8cae4c25-825a-4e32-85d1-60395c281509","properties":{"category":"primary-transit","designation":"Primary Transit Network","priority":null,"source":"Municipal_Development_Plan_Primary_Transit_Network_Lines"},"geometry":{"type":"LineString","coordinates":[[-114.202271,51.120449],[-114.20161,51.121062],[-114.200957,51.121698],[-114.200249,51.122372],[-114.199791,51.122785],[-114.199138,51.123419],[-114.198406,51.124101],[-114.198091,51.124381],[-114.197308,51.125108],[-114.196823,51.125559],[-114.196313,51.126027],[-114.195569,51.12671],[-114.194946,51.127297],[-114.194389,51.127808],[-114.193686,51.128467],[-114.193155,51.128963],[-114.192491,51.129581],[-114.191834,51.130194],[-114.191382,51.130617],[-114.190794,51.131166],[-114.190227,51.131696],[-114.189549,51.132327],[-114.18891,51.132922],[-114.1884,51.133401],[-114.187732,51.134021],[-114.187188,51.134528],[-114.186624,51.135054],[-114.185907,51.135746],[-114.185583,51.13612],[-114.185341,51.136458],[-114.185083,51.136873],[-114.184939,51.137172],[-114.184435,51.137967],[-114.183993,51.138589],[-114.183681,51.139128],[-114.18322,51.139766],[-114.182826,51.140202],[-114.182426,51.140545],[-114.182176,51.140731],[-114.181968,51.140829],[-114.181751,51.140881],[-114.181512,51.140889],[-114.181171,51.140797],[-114.180615,51.140521],[-114.179904,51.140179],[-114.178883,51.139706],[-114.178104,51.139319],[-114.177199,51.138889],[-114.176328,51.138504],[-114.175443,51.138159],[-114.174476,51.13786],[-114.173553,51.137621],[-114.172519,51.137407],[-114.171518,51.137266],[-114.170557,51.137188],[-114.169359,51.137141],[-114.168277,51.137146],[-114.167235,51.13722],[-114.166206,51.137337],[-114.165121,51.137529],[-114.16402,51.137762],[-114.162959,51.138086],[-114.161758,51.138431],[-114.161154,51.138575],[-114.160715,51.138663],[-114.160319,51.138718],[-114.159832,51.138768],[-114.1586,51.138775],[-114.156698,51.138781],[-114.151491,51.138779],[-114.149077,51.13877],[-114.1487,51.138767],[-114.14786,51.138729],[-114.147265,51.13869],[-114.146681,51.138642],[-114.145927,51.138598],[-114.145227,51.138556],[-114.144333,51.138524],[-114.143015,51.138522],[-114.141788,51.138557],[-114.140557,51.138647],[-114.139408,51.138773],[-114.138361,51.138935],[-114.137429,51.139097],[-114.136406,51.139314],[-114.135793,51.139445],[-114.1349,51.139668],[-114.133632,51.139975],[-114.131744,51.140431],[-114.131112,51.140587],[-114.130639,51.140715],[-114.129408,51.141017],[-114.12809,51.141401],[-114.126488,51.141844],[-114.125726,51.14206],[-114.124471,51.142444],[-114.123187,51.142841],[-114.122183,51.143111],[-114.121083,51.143435],[-114.120156,51.143685],[-114.119119,51.14396],[-114.118308,51.144113],[-114.117211,51.144263],[-114.116337,51.144327],[-114.115294,51.144359],[-114.11413,51.144323],[-114.113159,51.144215],[-114.112226,51.144052],[-114.111497,51.143931],[-114.11068,51.143789],[-114.109163,51.14352],[-114.10793,51.143297],[-114.107027,51.143154],[-114.106182,51.143],[-114.105119,51.14281],[-114.103964,51.14261],[-114.103196,51.142492],[-114.102466,51.14242],[-114.101239,51.142376],[-114.099969,51.142413],[-114.098849,51.142527],[-114.098033,51.142643],[-114.097323,51.142777],[-114.096145,51.143033],[-114.094885,51.14332],[-114.093789,51.143564],[-114.09251,51.143856],[-114.091853,51.143997],[-114.09096,51.144213],[-114.089971,51.144451],[-114.089029,51.144646],[-114.087909,51.144902],[-114.087199,51.145058],[-114.086171,51.145301],[-114.08509,51.145579],[-114.083786,51.146044],[-114.082937,51.146394],[-114.081962,51.146666],[-114.081059,51.146842],[-114.079919,51.147047],[-114.078934,51.147242],[-114.07807,51.147406],[-114.07708,51.147592],[-114.075935,51.147833],[-114.075061,51.148065],[-114.07425,51.148323],[-114.073215,51.148733],[-114.07231,51.149151],[-114.071407,51.149644],[-114.070481,51.15024],[-114.069713,51.150839],[-114.069058,51.151398],[-114.068272,51.15205],[-114.067377,51.152784],[-114.066471,51.153357],[-114.06552,51.153734],[-114.064815,51.153928],[-114.063998,51.154087],[-114.063095,51.154175],[-114.061858,51.1542],[-114.060738,51.154198],[-114.056351,51.154194],[-114.055375,51.154225],[-114.051191,51.15423],[-114.049713,51.154231],[-114.047848,51.15425],[-114.046757,51.154253],[-114.045563,51.15425],[-114.042104,51.154255],[-114.041375,51.154258],[-114.040341,51.154258],[-114.039283,51.154262],[-114.038215,51.154262],[-114.037124,51.154266],[-114.036085,51.154269],[-114.035017,51.154272],[-114.033969,51.154276],[-114.032863,51.154276],[-114.031814,51.154276],[-114.030684,51.154286],[-114.029645,51.154289],[-114.028606,51.154289],[-114.027519,51.154299],[-114.026432,51.154305],[-114.025331,51.154305],[-114.024326,51.154324],[-114.023316,51.154342],[-114.022162,51.154373],[-114.021051,51.154373],[-114.020026,51.154376],[-114.018959,51.154373],[-114.017881,51.15437],[-114.016799,51.154374],[-114.015722,51.154377],[-114.014635,51.15438],[-114.013577,51.154377],[-114.012509,51.154347],[-114.01147,51.154322],[-114.010455,51.154307],[-114.009452,51.1543],[-114.008283,51.154285],[-114.007256,51.154278],[-114.002757,51.154322],[-113.998458,51.154332],[-113.997315,51.154323],[-113.996333,51.154322],[-113.995513,51.154321],[-113.994043,51.154321],[-113.992336,51.154323],[-113.99146,51.154322],[-113.991004,51.154323],[-113.990174,51.154321],[-113.989093,51.154321],[-113.988178,51.154321],[-113.987034,51.154321],[-113.986245,51.154321],[-113.98471,51.154318],[-113.983349,51.154317],[-113.982254,51.154314],[-113.981444,51.154314],[-113.9803,51.154314],[-113.979252,51.154313],[-113.978442,51.154313],[-113.976992,51.154312],[-113.975949,51.154312],[-113.974922,51.154311],[-113.974026,51.15431],[-113.973263,51.154258],[-113.972371,51.15423],[-113.970803,51.154217],[-113.969231,51.154227],[-113.968569,51.154228],[-113.967505,51.154229],[-113.966425,51.154223],[-113.965442,51.154244],[-113.964461,51.154298],[-113.963233,51.154307],[-113.962174,51.154307],[-113.961078,51.154307],[-113.960099,51.154305],[-113.958799,51.154303],[-113.958034,51.154311],[-113.956795,51.154306],[-113.955906,51.154305],[-113.954249,51.154306],[-113.953137,51.154307],[-113.95219,51.154307],[-113.951247,51.154308],[-113.950512,51.15431],[-113.949125,51.15431],[-113.947981,51.15431],[-113.947007,51.15431],[-113.94706,51.154488]]}},{"type":"Feature","id":"8dcf5c2d-593d-4864-a0a6-ec150463cf72","properties":{"category":"transit-centre","designation":"Transit Centre","priority":null,"source":"Municipal_Development_Plan_Primary_Transit_Network_Points"},"geometry":{"type":"Point","coordinates":[-114.025029,51.047352]}},{"type":"Feature","id":"8dfe9f3a-811c-45ef-9ac0-b0e6f63383db","properties":{"category":"primary-transit","designation":"Primary Transit Network","priority":null,"source":"Municipal_Development_Plan_Primary_Transit_Network_Lines"},"geometry":{"type":"LineString","coordinates":[[-113.946629,51.121225],[-113.94662,51.121123],[-113.946677,51.120526],[-113.946677,51.119758],[-113.946676,51.118895],[-113.946675,51.118318],[-113.946674,51.117703],[-113.946673,51.116914],[-113.946675,51.116432],[-113.946675,51.115533],[-113.946675,51.115021],[-113.946674,51.114182],[-113.946673,51.113818],[-113.946673,51.113091],[-113.946674,51.112337],[-113.946696,51.11184],[-113.946725,51.111482],[-113.946811,51.110818],[-113.947046,51.109675],[-113.947245,51.108994],[-113.94759,51.108192],[-113.94816,51.107557],[-113.948801,51.107126],[-113.949702,51.106615],[-113.950481,51.106122],[-113.951151,51.105792],[-113.951777,51.105441],[-113.952739,51.104897],[-113.953607,51.104406],[-113.954419,51.103946],[-113.955386,51.103399],[-113.956452,51.102713],[-113.957042,51.102193],[-113.957575,51.101564],[-113.957982,51.100857],[-113.958191,51.100263],[-113.958286,51.099593],[-113.958289,51.098717],[-113.958292,51.098047],[-113.958296,51.09723],[-113.958297,51.096606],[-113.958299,51.095956],[-113.958301,51.095442],[-113.958305,51.094607],[-113.958309,51.093865],[-113.958306,51.092902],[-113.958313,51.092377],[-113.958312,51.091862],[-113.958232,51.091148],[-113.958318,51.090406],[-113.95832,51.089811],[-113.958339,51.089161],[-113.958324,51.088478],[-113.958324,51.087828],[-113.958324,51.087095],[-113.958323,51.086389],[-113.958322,51.085878],[-113.958322,51.085143],[-113.958322,51.084478],[-113.958322,51.083778],[-113.958322,51.083095],[-113.958322,51.082428],[-113.958291,51.081772],[-113.958323,51.081048],[-113.958324,51.080327],[-113.958325,51.079782],[-113.958325,51.079061],[-113.958326,51.078428],[-113.958328,51.077711],[-113.958332,51.077028],[-113.95833,51.076306],[-113.958328,51.075694],[-113.958326,51.074658],[-113.958294,51.07031],[-113.958318,51.069675],[-113.958331,51.068978],[-113.95833,51.068355],[-113.958321,51.067567],[-113.958316,51.06693],[-113.958317,51.06623],[-113.958321,51.065592],[-113.958312,51.064928],[-113.958308,51.064164],[-113.958313,51.063448],[-113.958319,51.062789],[-113.958326,51.061953],[-113.95833,51.060997],[-113.958311,51.060445],[-113.958258,51.060029],[-113.958153,51.05944],[-113.958067,51.059091],[-113.957511,51.057643],[-113.956441,51.055143],[-113.955922,51.053928],[-113.955605,51.053193],[-113.955297,51.052405],[-113.955151,51.051738],[-113.955137,51.051376],[-113.95515,51.051042],[-113.955226,51.050593],[-113.955435,51.049968],[-113.955955,51.049006],[-113.956293,51.048421],[-113.956819,51.047505],[-113.957325,51.046626],[-113.957686,51.046],[-113.958064,51.045306],[-113.958295,51.044681],[-113.958325,51.042883],[-113.958324,51.041714],[-113.958309,51.040956],[-113.958398,51.040954],[-113.958416,51.039403],[-113.958353,51.037861],[-113.958416,51.036152],[-113.958413,51.03553],[-113.95836,51.034479],[-113.958406,51.033622],[-113.958395,51.032162],[-113.958394,51.024548],[-113.958393,51.02408],[-113.958394,51.021553],[-113.958402,51.020323],[-113.958409,51.018947],[-113.958408,51.016455],[-113.958361,51.015663],[-113.95831,51.014959],[-113.958315,51.014644],[-113.958468,51.013008],[-113.958505,51.012246],[-113.958506,51.011471],[-113.958464,51.010933],[-113.958505,51.010269],[-113.958505,51.009515],[-113.958504,51.008928],[-113.958512,51.008175],[-113.958513,51.007393],[-113.958491,51.006884],[-113.958514,51.006132],[-113.958515,51.005459],[-113.958515,51.00485],[-113.958516,51.004176],[-113.958517,51.003474],[-113.958529,51.002756],[-113.958518,51.002177],[-113.958518,51.001489],[-113.958519,51.00083],[-113.958531,51.000083],[-113.95852,50.999402],[-113.958521,50.998787],[-113.958521,50.998077],[-113.958522,50.99741],[-113.958523,50.996715],[-113.958523,50.996099],[-113.958524,50.995483],[-113.958524,50.99473],[-113.958525,50.994281],[-113.958525,50.993426],[-113.958526,50.992745],[-113.958527,50.992064],[-113.958527,50.991362],[-113.958471,50.9906],[-113.958529,50.989568],[-113.958529,50.989311],[-113.95853,50.988594],[-113.958542,50.988],[-113.958542,50.987341],[-113.958543,50.986624],[-113.958544,50.985929],[-113.958544,50.985349],[-113.958501,50.984603],[-113.958499,50.983958],[-113.958498,50.983205],[-113.958498,50.982596],[-113.958497,50.981915],[-113.958497,50.981271],[-113.958497,50.980553],[-113.958496,50.979974],[-113.958496,50.979097],[-113.958539,50.978511],[-113.958528,50.977859],[-113.958528,50.97725],[-113.958506,50.97646],[-113.958486,50.972297],[-113.958479,50.968774],[-113.958493,50.965058],[-113.958495,50.963044],[-113.958485,50.957111],[-113.95848,50.95425],[-113.958469,50.953453],[-113.958344,50.952019],[-113.958253,50.951461],[-113.958242,50.951099],[-113.958197,50.950603],[-113.958185,50.950501],[-113.956767,50.931065]]}},{"type":"Feature","id":"931098de-c4c9-46c9-9cf3-d5facb94b3d0","properties":{"category":"lrt","designation":"Skeletal Light Rail Transit","priority":null,"source":"Municipal_Development_Plan_Primary_Transit_Network_Lines"},"geometry":{"type":"LineString","coordinates":[[-113.981199,51.172839],[-113.981229,51.172778],[-113.981609,51.172278],[-113.982933,51.17053],[-113.983339,51.169976],[-113.983535,51.169574],[-113.983629,51.169115],[-113.98357,51.168642],[-113.983385,51.168195],[-113.983019,51.167716],[-113.982505,51.167305],[-113.981514,51.16681],[-113.979776,51.166108],[-113.978837,51.165864],[-113.977738,51.165688],[-113.976338,51.165628],[-113.95006,51.165621],[-113.949597,51.165602],[-113.94928,51.165562],[-113.948868,51.165476],[-113.94856,51.165385],[-113.948218,51.165242],[-113.94794,51.165082],[-113.947869,51.16503],[-113.947692,51.164899],[-113.947497,51.164714],[-113.947302,51.164454],[-113.947212,51.16428],[-113.947153,51.164079],[-113.947131,51.163737],[-113.947153,51.144848],[-113.947302,51.143458],[-113.947455,51.142694],[-113.947662,51.142173],[-113.947896,51.141756],[-113.948119,51.141409],[-113.948451,51.140948],[-113.948769,51.140332],[-113.948908,51.139906],[-113.948936,51.139333],[-113.948895,51.138847],[-113.948757,51.13836],[-113.948537,51.137926],[-113.948206,51.137413],[-113.947901,51.136982],[-113.947497,51.136328],[-113.947267,51.135685],[-113.947195,51.135141],[-113.947165,51.132294],[-113.94716,51.128273],[-113.947189,51.127917],[-113.947247,51.127514],[-113.947353,51.127122],[-113.947408,51.127],[-113.947561,51.126688],[-113.947728,51.126416],[-113.947761,51.126365]]}},{"type":"Feature","id":"953a34ab-8821-47e3-aec6-854d8b507f8a","properties":{"category":"primary-transit","designation":"Primary Transit Network","priority":null,"source":"Municipal_Development_Plan_Primary_Transit_Network_Lines"},"geometry":{"type":"LineString","coordinates":[[-114.042474,51.066989],[-114.048343,51.066955],[-114.050803,51.066915],[-114.056179,51.06691],[-114.062522,51.066936],[-114.067464,51.066918],[-114.071554,51.066917],[-114.076464,51.066924],[-114.084873,51.066911],[-114.089766,51.066899],[-114.093991,51.066918],[-114.098548,51.066943],[-114.106282,51.066972],[-114.112453,51.067011],[-114.115399,51.067004],[-114.117972,51.066993],[-114.11847,51.066993],[-114.119118,51.067036],[-114.119943,51.067147],[-114.120735,51.067283],[-114.122511,51.067705]]}},{"type":"Feature","id":"95957903-8478-4e75-ace2-7e01df566073","properties":{"category":"transit-centre","designation":"Transit Centre","priority":null,"source":"Municipal_Development_Plan_Primary_Transit_Network_Points"},"geometry":{"type":"Point","coordinates":[-114.031448,51.018399]}},{"type":"Feature","id":"9608d141-a8f9-48ae-83be-be0ece6c2d8f","properties":{"category":"primary-transit","designation":"Primary Transit Network","priority":null,"source":"Municipal_Development_Plan_Primary_Transit_Network_Lines"},"geometry":{"type":"LineString","coordinates":[[-114.095337,50.973446],[-114.095245,50.974221],[-114.095118,50.975],[-114.09511,50.976725],[-114.095083,50.977141],[-114.095046,50.977363],[-114.094911,50.978087],[-114.094846,50.978612],[-114.094855,50.979579],[-114.094854,50.988646],[-114.094866,50.989276],[-114.094988,50.990525],[-114.095127,50.991396],[-114.095237,50.991927],[-114.095316,50.992198],[-114.095443,50.992517],[-114.095585,50.99284],[-114.095653,50.993013],[-114.09576,50.993195],[-114.095848,50.99333],[-114.095936,50.993438],[-114.096034,50.993542],[-114.096151,50.993654],[-114.096258,50.993744],[-114.096394,50.993848],[-114.096524,50.99394],[-114.096648,50.994025],[-114.096827,50.994149],[-114.096968,50.994257],[-114.097069,50.994341],[-114.097156,50.994481]]}},{"type":"Feature","id":"96ada9a2-7444-4551-9661-ca0a47f458b7","properties":{"category":"transit-centre","designation":"Transit Centre","priority":null,"source":"Municipal_Development_Plan_Primary_Transit_Network_Points"},"geometry":{"type":"Point","coordinates":[-114.117953,51.005002]}},{"type":"Feature","id":"98ae2c0c-24e0-4271-82ae-af8113d31f21","properties":{"category":"primary-transit","designation":"Primary Transit Network","priority":null,"source":"Municipal_Development_Plan_Primary_Transit_Network_Lines"},"geometry":{"type":"LineString","coordinates":[[-113.985976,51.015307],[-113.985122,51.015275],[-113.984686,51.015259],[-113.984326,51.015246],[-113.983854,51.015229],[-113.983458,51.015215],[-113.982985,51.015193],[-113.982528,51.015169],[-113.982225,51.015154],[-113.981924,51.015138],[-113.981629,51.015123],[-113.97913,51.015046],[-113.978405,51.015019],[-113.977965,51.015002],[-113.977556,51.014987],[-113.977296,51.014977],[-113.977169,51.014972],[-113.977095,51.014996],[-113.977115,51.015098],[-113.977153,51.01522],[-113.977214,51.015437],[-113.977261,51.015556],[-113.977322,51.01577],[-113.977411,51.015993],[-113.977501,51.016186],[-113.977576,51.016329],[-113.977694,51.016486],[-113.977798,51.016617],[-113.977953,51.016772],[-113.978137,51.016909],[-113.978354,51.017045],[-113.978618,51.017185],[-113.979459,51.017627],[-113.97959,51.01769],[-113.979951,51.017877],[-113.980241,51.01803],[-113.980475,51.018153],[-113.980622,51.018233],[-113.980755,51.018311],[-113.980905,51.01841],[-113.981043,51.018511],[-113.981148,51.018601],[-113.981212,51.018667]]}},{"type":"Feature","id":"99954ace-470b-47e9-b944-9749e77a65c3","properties":{"category":"primary-transit","designation":"Primary Transit Network","priority":null,"source":"Municipal_Development_Plan_Primary_Transit_Network_Lines"},"geometry":{"type":"LineString","coordinates":[[-114.141225,51.037799],[-114.141181,51.0378],[-114.14107,51.037801],[-114.139756,51.037806],[-114.138333,51.037813],[-114.136913,51.037814],[-114.135486,51.037815],[-114.134097,51.037816],[-114.132681,51.037816],[-114.131693,51.03781],[-114.131269,51.03781],[-114.129561,51.037812],[-114.127963,51.037812],[-114.126664,51.037813],[-114.125214,51.037814],[-114.123662,51.037815],[-114.122225,51.037815],[-114.121182,51.037816],[-114.120794,51.037816],[-114.119381,51.037817],[-114.117921,51.037818],[-114.115303,51.037819],[-114.114112,51.037808],[-114.111247,51.037837],[-114.110191,51.037817],[-114.109833,51.037813],[-114.109111,51.037818],[-114.107045,51.037834],[-114.106322,51.037835],[-114.105585,51.037838],[-114.104257,51.037832],[-114.102926,51.037835],[-114.101612,51.037837],[-114.100217,51.037837],[-114.09885,51.037837],[-114.09761,51.037837],[-114.096521,51.037836],[-114.094724,51.037831],[-114.093092,51.03783],[-114.091703,51.037829],[-114.09006,51.037824],[-114.088555,51.037823],[-114.087054,51.03782],[-114.086749,51.037825],[-114.085682,51.037824],[-114.08427,51.037823],[-114.081806,51.037822],[-114.081561,51.037869],[-114.080492,51.037869],[-114.079422,51.03787],[-114.078353,51.037871],[-114.077283,51.037872],[-114.076214,51.037872],[-114.075145,51.037873],[-114.074075,51.037874],[-114.073006,51.037874],[-114.071936,51.037875],[-114.070867,51.037876],[-114.069798,51.037876],[-114.068728,51.037877],[-114.067659,51.037878],[-114.06659,51.037878],[-114.06552,51.037879],[-114.064451,51.03788],[-114.063381,51.03788],[-114.062312,51.037881],[-114.061243,51.037881],[-114.061219,51.037881]]}},{"type":"Feature","id":"99bbdc16-104d-4184-849d-c00f13453d7d","properties":{"category":"hub","designation":"Primary Transit Hub","priority":null,"source":"Municipal_Development_Plan_Primary_Transit_Network_Points"},"geometry":{"type":"Point","coordinates":[-114.06244,51.08874]}},{"type":"Feature","id":"9b850c03-4f82-4003-bd0e-e3c730b2ca4b","properties":{"category":"transit-centre","designation":"Transit Centre","priority":null,"source":"Municipal_Development_Plan_Primary_Transit_Network_Points"},"geometry":{"type":"Point","coordinates":[-114.058944,51.031677]}},{"type":"Feature","id":"9cceb7cf-cb4e-4a1c-b2a1-8943d8c458b8","properties":{"category":"hub","designation":"Primary Transit Hub","priority":null,"source":"Municipal_Development_Plan_Primary_Transit_Network_Points"},"geometry":{"type":"Point","coordinates":[-113.947171,51.134156]}},{"type":"Feature","id":"9d3d88cb-f174-48f6-8d53-35286e965401","properties":{"category":"primary-transit","designation":"Primary Transit Network","priority":null,"source":"Municipal_Development_Plan_Primary_Transit_Network_Lines"},"geometry":{"type":"LineString","coordinates":[[-114.137447,51.081472],[-114.137446,51.081111],[-114.137437,51.079955],[-114.137434,51.07963],[-114.137402,51.079316],[-114.137395,51.07895],[-114.137975,51.078734],[-114.138622,51.078543],[-114.139354,51.078406],[-114.14043,51.078396],[-114.141277,51.078396],[-114.141186,51.075244],[-114.141184,51.07484],[-114.141124,51.074326]]}},{"type":"Feature","id":"9dca6c7b-875a-4523-8504-8f879073a692","properties":{"category":"lrt","designation":"Skeletal Light Rail Transit","priority":null,"source":"Municipal_Development_Plan_Primary_Transit_Network_Lines"},"geometry":{"type":"LineString","coordinates":[[-114.063297,51.041433],[-114.059154,51.041315],[-114.059006,51.041324],[-114.05886,51.041338],[-114.058714,51.041357],[-114.058571,51.041382],[-114.058431,51.041413],[-114.058294,51.041449],[-114.058161,51.04149],[-114.058032,51.041537]]}},{"type":"Feature","id":"9f9d641b-888b-44c6-80fd-2194292cce6d","properties":{"category":"hub","designation":"Primary Transit Hub","priority":null,"source":"Municipal_Development_Plan_Primary_Transit_Network_Points"},"geometry":{"type":"Point","coordinates":[-113.997585,50.952304]}},{"type":"Feature","id":"a0b6769d-f027-46d9-b4d7-381b5f402533","properties":{"category":"transit-centre","designation":"Transit Centre","priority":null,"source":"Municipal_Development_Plan_Primary_Transit_Network_Points"},"geometry":{"type":"Point","coordinates":[-114.006989,51.04557]}},{"type":"Feature","id":"a1e2201c-4bd4-4c9b-8e17-1406a8d4796a","properties":{"category":"primary-transit","designation":"Primary Transit Network","priority":null,"source":"Municipal_Development_Plan_Primary_Transit_Network_Lines"},"geometry":{"type":"LineString","coordinates":[[-114.173286,51.083367],[-114.173296,51.082788],[-114.173298,51.082406],[-114.17331,51.081502],[-114.173316,51.080831],[-114.173319,51.080498],[-114.173321,51.080308],[-114.173321,51.080261],[-114.173319,51.080219],[-114.173311,51.080175],[-114.173303,51.080143],[-114.173295,51.080116],[-114.173281,51.080083],[-114.173225,51.079955],[-114.173179,51.079854],[-114.173136,51.079767],[-114.173068,51.079656],[-114.172901,51.079402],[-114.172522,51.078893],[-114.172237,51.078553],[-114.171835,51.078122],[-114.171335,51.077712],[-114.171081,51.077565],[-114.170715,51.077378],[-114.170423,51.077194],[-114.170096,51.076988],[-114.170051,51.076952],[-114.169897,51.076818],[-114.169089,51.076223],[-114.168566,51.075826],[-114.168166,51.075567],[-114.167707,51.075393],[-114.167471,51.075347],[-114.167102,51.075314],[-114.166942,51.0753],[-114.166839,51.07528],[-114.166411,51.075329],[-114.16592,51.075384],[-114.165532,51.075422],[-114.165245,51.075422],[-114.164799,51.075347],[-114.164148,51.075184],[-114.163737,51.075032],[-114.162152,51.073845],[-114.16055,51.072647],[-114.158946,51.071443],[-114.157428,51.070307],[-114.155853,51.069127],[-114.154898,51.068418],[-114.15386,51.067638],[-114.153123,51.067077],[-114.15255,51.066659],[-114.15212,51.066334],[-114.151736,51.066049],[-114.151539,51.065896],[-114.15142,51.0658],[-114.15135,51.06573],[-114.151291,51.065662],[-114.151228,51.065574],[-114.151186,51.065488],[-114.15116,51.065418],[-114.15113,51.065332],[-114.151064,51.065174],[-114.151043,51.065076],[-114.150991,51.064892],[-114.150938,51.064686],[-114.150886,51.064508],[-114.150817,51.064362],[-114.150716,51.064181],[-114.150512,51.064057],[-114.150333,51.063908],[-114.149564,51.063586],[-114.147615,51.062796],[-114.145642,51.061951],[-114.141181,51.060091]]}},{"type":"Feature","id":"a1fc3042-b17e-495e-afbe-bc2bc381f542","properties":{"category":"regional-hub","designation":"Regional/ Inter City Gateway Hub","priority":null,"source":"Municipal_Development_Plan_Primary_Transit_Network_Points"},"geometry":{"type":"Point","coordinates":[-113.911967,51.037836]}},{"type":"Feature","id":"a23547ae-54aa-4d62-b339-9a9c30ac6b95","properties":{"category":"primary-transit","designation":"Primary Transit Network","priority":null,"source":"Municipal_Development_Plan_Primary_Transit_Network_Lines"},"geometry":{"type":"LineString","coordinates":[[-114.129637,51.197797],[-114.002273,51.198128]]}},{"type":"Feature","id":"a39920eb-577d-49b2-b0d7-5cbb40005613","properties":{"category":"hub","designation":"Primary Transit Hub","priority":null,"source":"Municipal_Development_Plan_Primary_Transit_Network_Points"},"geometry":{"type":"Point","coordinates":[-114.071304,51.183291]}},{"type":"Feature","id":"a46bb1e2-69c6-4997-bdc2-7c0c0fbf2935","properties":{"category":"hub","designation":"Primary Transit Hub","priority":null,"source":"Municipal_Development_Plan_Primary_Transit_Network_Points"},"geometry":{"type":"Point","coordinates":[-114.1307,51.064481]}},{"type":"Feature","id":"a4f6fde3-f768-4fe6-9511-cc1ba2ccf114","properties":{"category":"transit-centre","designation":"Transit Centre","priority":null,"source":"Municipal_Development_Plan_Primary_Transit_Network_Points"},"geometry":{"type":"Point","coordinates":[-114.070587,50.91061]}},{"type":"Feature","id":"a570afeb-97e0-4708-8ba7-90a5368966d7","properties":{"category":"lrt","designation":"Skeletal Light Rail Transit","priority":null,"source":"Municipal_Development_Plan_Primary_Transit_Network_Lines"},"geometry":{"type":"LineString","coordinates":[[-114.209684,51.123751],[-114.210294,51.123998],[-114.214726,51.125809],[-114.218298,51.127249],[-114.226332,51.130624],[-114.227667,51.131181],[-114.238585,51.135732]]}},{"type":"Feature","id":"a5b3e362-058c-4356-8bcd-00a8c5e23ff5","properties":{"category":"primary-transit","designation":"Primary Transit Network","priority":null,"source":"Municipal_Development_Plan_Primary_Transit_Network_Lines"},"geometry":{"type":"LineString","coordinates":[[-114.117976,50.961311],[-114.117985,50.935518]]}},{"type":"Feature","id":"a9837c64-7531-4630-a4c7-ef32bc947c03","properties":{"category":"hub","designation":"Primary Transit Hub","priority":null,"source":"Municipal_Development_Plan_Primary_Transit_Network_Points"},"geometry":{"type":"Point","coordinates":[-114.141211,51.037793]}},{"type":"Feature","id":"aaa93b60-681d-40a4-803c-8385bd5f251d","properties":{"category":"primary-transit","designation":"Primary Transit Network","priority":null,"source":"Municipal_Development_Plan_Primary_Transit_Network_Lines"},"geometry":{"type":"LineString","coordinates":[[-114.118021,51.016046],[-114.119158,51.01611],[-114.119415,51.016112],[-114.11963,51.015759],[-114.119545,51.015034],[-114.119613,51.014683],[-114.122375,51.012329],[-114.122492,51.012234],[-114.122617,51.012144],[-114.12275,51.012058],[-114.12289,51.011977],[-114.123038,51.011901],[-114.123192,51.011831],[-114.123351,51.011766],[-114.123517,51.011707],[-114.123687,51.011653],[-114.123862,51.011606],[-114.124041,51.011566],[-114.124223,51.011531],[-114.124408,51.011504],[-114.124595,51.011482],[-114.124784,51.011468],[-114.126917,51.011012]]}},{"type":"Feature","id":"aadb3b90-b1e6-4278-b58e-f2a55af43d06","properties":{"category":"primary-transit","designation":"Primary Transit Network","priority":null,"source":"Municipal_Development_Plan_Primary_Transit_Network_Lines"},"geometry":{"type":"LineString","coordinates":[[-113.865587,50.95066],[-113.888806,50.950558],[-113.890166,50.950408],[-113.890948,50.95026],[-113.891648,50.950122],[-113.894152,50.949627],[-113.895755,50.949377],[-113.898641,50.948741],[-113.900633,50.948348],[-113.901923,50.948093],[-113.903767,50.947735],[-113.904319,50.947659],[-113.905333,50.947593],[-113.91183,50.947622],[-113.920458,50.947602],[-113.922945,50.947536],[-113.923994,50.947615],[-113.924919,50.947677],[-113.925432,50.947749],[-113.925961,50.94785],[-113.927156,50.948233],[-113.928305,50.948702],[-113.929333,50.949341],[-113.930607,50.949929],[-113.93118,50.950114],[-113.931739,50.950258],[-113.932233,50.950356],[-113.932669,50.950423],[-113.932972,50.950459],[-113.933124,50.950474],[-113.933333,50.950491],[-113.9335,50.950502],[-113.933684,50.95051],[-113.958301,50.950553],[-113.975065,50.950479],[-113.981414,50.95053],[-113.981971,50.950642],[-113.993276,50.950624]]}},{"type":"Feature","id":"ac6fd006-2000-4705-a261-b340d8757734","properties":{"category":"transit-centre","designation":"Transit Centre","priority":null,"source":"Municipal_Development_Plan_Primary_Transit_Network_Points"},"geometry":{"type":"Point","coordinates":[-114.040909,51.049112]}},{"type":"Feature","id":"ad6d91e6-14d1-419b-8926-59df6631fbcf","properties":{"category":"regional-hub","designation":"Regional/ Inter City Gateway Hub","priority":null,"source":"Municipal_Development_Plan_Primary_Transit_Network_Points"},"geometry":{"type":"Point","coordinates":[-114.107724,51.044845]}},{"type":"Feature","id":"ad85ad02-94cc-46a3-a0bb-177aa98a253b","properties":{"category":"primary-transit","designation":"Primary Transit Network","priority":null,"source":"Municipal_Development_Plan_Primary_Transit_Network_Lines"},"geometry":{"type":"LineString","coordinates":[[-114.1225,51.067698],[-114.122958,51.067808],[-114.123419,51.067913],[-114.123883,51.068011],[-114.124351,51.068102],[-114.124822,51.068187],[-114.125295,51.068266],[-114.125772,51.068338],[-114.126251,51.068403],[-114.126571,51.06844],[-114.126894,51.06847],[-114.127217,51.068495],[-114.127542,51.068514],[-114.127867,51.068527],[-114.128193,51.068535],[-114.128519,51.068536],[-114.128845,51.068532],[-114.129171,51.068522]]}},{"type":"Feature","id":"ae1ed881-e258-467b-86cb-1934bf5a0503","properties":{"category":"hub","designation":"Primary Transit Hub","priority":null,"source":"Municipal_Development_Plan_Primary_Transit_Network_Points"},"geometry":{"type":"Point","coordinates":[-113.975664,51.109221]}},{"type":"Feature","id":"af666fab-f1b9-4b0b-870b-80c9ea121ab2","properties":{"category":"primary-transit","designation":"Primary Transit Network","priority":null,"source":"Municipal_Development_Plan_Primary_Transit_Network_Lines"},"geometry":{"type":"LineString","coordinates":[[-113.991834,50.897042],[-113.991412,50.896069],[-113.99104,50.89544],[-113.990457,50.895039],[-113.989772,50.894754],[-113.98835,50.894167],[-113.987234,50.893674],[-113.986274,50.893059],[-113.985684,50.892483],[-113.985347,50.892025]]}},{"type":"Feature","id":"af74bc87-bd34-49fa-9466-f245009a6a01","properties":{"category":"primary-transit","designation":"Primary Transit Network","priority":null,"source":"Municipal_Development_Plan_Primary_Transit_Network_Lines"},"geometry":{"type":"LineString","coordinates":[[-114.142112,51.074331],[-114.142404,51.074317],[-114.142744,51.074312],[-114.143148,51.074281],[-114.143579,51.074202],[-114.143871,51.074145],[-114.144135,51.074079],[-114.144333,51.074017],[-114.144499,51.073953],[-114.14469,51.073885],[-114.144947,51.073788],[-114.145295,51.073665],[-114.145826,51.073482],[-114.146649,51.073164],[-114.146947,51.073073],[-114.147098,51.073019],[-114.147197,51.072967],[-114.147355,51.072837],[-114.147461,51.07269],[-114.147506,51.072555],[-114.147512,51.072446],[-114.147427,51.072309],[-114.147129,51.071827],[-114.146962,51.071557],[-114.146801,51.071296],[-114.146627,51.071014],[-114.14651,51.070824],[-114.146234,51.070378],[-114.146015,51.070023],[-114.145867,51.069796],[-114.145755,51.069646],[-114.145648,51.069517],[-114.145435,51.069289],[-114.14529,51.069152],[-114.144944,51.06887],[-114.144665,51.068677],[-114.144441,51.068539],[-114.144029,51.068303],[-114.143686,51.068107],[-114.143205,51.067832],[-114.142921,51.06767],[-114.142773,51.067585],[-114.14246,51.067552],[-114.142237,51.067559],[-114.141853,51.067675],[-114.14165,51.067697],[-114.141415,51.067687],[-114.141235,51.067649],[-114.141106,51.067604],[-114.140999,51.067549],[-114.140862,51.067439],[-114.140752,51.067332],[-114.140636,51.067204],[-114.140533,51.067092],[-114.140444,51.067008],[-114.140359,51.066938],[-114.140252,51.066876],[-114.140134,51.066825],[-114.139923,51.066768],[-114.139733,51.066742],[-114.139527,51.066713],[-114.13922,51.066753],[-114.138768,51.066819],[-114.138272,51.066905],[-114.137892,51.066981],[-114.137463,51.067055],[-114.136952,51.067124],[-114.136331,51.067204],[-114.136117,51.06728],[-114.135666,51.067425],[-114.135117,51.067592],[-114.13461,51.067746],[-114.134207,51.067861],[-114.133901,51.067935],[-114.133338,51.068076],[-114.132722,51.068169],[-114.132065,51.068292],[-114.131262,51.068398],[-114.13057,51.068468],[-114.129953,51.068508],[-114.129171,51.068548],[-114.129174,51.06801],[-114.129173,51.067605],[-114.129169,51.067174],[-114.129172,51.066965],[-114.129177,51.066769],[-114.129247,51.066466],[-114.129282,51.066372],[-114.129374,51.066195],[-114.129453,51.06607],[-114.129639,51.065839],[-114.129806,51.065671],[-114.130011,51.065468],[-114.130118,51.065362],[-114.130293,51.06519],[-114.130497,51.064957],[-114.13074,51.064607],[-114.130875,51.064345],[-114.130964,51.064115],[-114.131006,51.063969],[-114.13104,51.063814],[-114.131067,51.063595],[-114.131068,51.063287],[-114.131055,51.063045],[-114.13104,51.062745],[-114.13103,51.062531],[-114.131012,51.062132],[-114.130977,51.061924],[-114.130893,51.061716],[-114.130811,51.061587],[-114.130582,51.061348],[-114.130356,51.061182],[-114.130226,51.061088],[-114.129973,51.060907],[-114.129777,51.060731],[-114.129673,51.060593],[-114.129591,51.060441],[-114.12954,51.060257],[-114.129532,51.059994],[-114.12953,51.059681],[-114.129529,51.059401],[-114.129529,51.05916],[-114.129527,51.058846],[-114.129525,51.058712],[-114.129518,51.058267],[-114.129515,51.058038],[-114.129511,51.057808],[-114.129517,51.057547],[-114.129526,51.057145],[-114.129531,51.056916],[-114.129527,51.056686],[-114.129521,51.056257],[-114.129519,51.05601],[-114.129515,51.055847],[-114.129529,51.055512],[-114.129548,51.055468],[-114.12963,51.055372]]}},{"type":"Feature","id":"b1a4c586-d9b8-4db0-a558-ae63241bd086","properties":{"category":"transit-centre","designation":"Transit Centre","priority":null,"source":"Municipal_Development_Plan_Primary_Transit_Network_Points"},"geometry":{"type":"Point","coordinates":[-113.981405,51.172521]}},{"type":"Feature","id":"b2d17cdd-f8ee-4089-a02a-e1ed3fa91856","properties":{"category":"primary-transit","designation":"Primary Transit Network","priority":null,"source":"Municipal_Development_Plan_Primary_Transit_Network_Lines"},"geometry":{"type":"LineString","coordinates":[[-114.076362,50.902608],[-114.076376,50.902436],[-114.076379,50.902263],[-114.076372,50.902091],[-114.076354,50.901919],[-114.076325,50.901748],[-114.076286,50.901577],[-114.076237,50.901408],[-114.076177,50.90124],[-114.076107,50.901073],[-114.076027,50.900909],[-114.075936,50.900746],[-114.075836,50.900586],[-114.075726,50.900429],[-114.075606,50.900274],[-114.075477,50.900122],[-114.075338,50.899974],[-114.075191,50.899829],[-114.075035,50.899688],[-114.07487,50.899551],[-114.074455,50.899281],[-114.074034,50.899016],[-114.073605,50.898755],[-114.07317,50.898499],[-114.072998,50.898375],[-114.072834,50.898248],[-114.072679,50.898115],[-114.072533,50.897979],[-114.072396,50.897839],[-114.072269,50.897696],[-114.072152,50.897549],[-114.072044,50.897399],[-114.071947,50.897247],[-114.07186,50.897091],[-114.071783,50.896934],[-114.071718,50.896775],[-114.071662,50.896614],[-114.071618,50.896452],[-114.071585,50.896289],[-114.071563,50.896125],[-114.071551,50.895961],[-114.071551,50.895796],[-114.071562,50.895632],[-114.071584,50.895468],[-114.071617,50.895305],[-114.071661,50.895142],[-114.071715,50.894982],[-114.071781,50.894822],[-114.071901,50.894581],[-114.072011,50.894338],[-114.072112,50.894093],[-114.072204,50.893847],[-114.072286,50.893599],[-114.072359,50.89335],[-114.072422,50.893101],[-114.072475,50.89285],[-114.072519,50.892598]]}},{"type":"Feature","id":"b557e97a-0e32-42db-abdd-5bc82ce65b3b","properties":{"category":"primary-transit","designation":"Primary Transit Network","priority":null,"source":"Municipal_Development_Plan_Primary_Transit_Network_Lines"},"geometry":{"type":"LineString","coordinates":[[-114.050214,51.008676],[-114.049275,51.008563],[-114.048338,51.008443],[-114.047403,51.008316],[-114.04647,51.008181],[-114.04554,51.00804],[-114.044613,51.007892],[-114.043689,51.007737],[-114.042768,51.007575],[-114.041849,51.007406],[-114.040935,51.00723],[-114.040023,51.007047],[-114.039115,51.006858],[-114.038211,51.006662],[-114.03731,51.006459],[-114.037027,51.006347],[-114.036738,51.006242],[-114.036444,51.006143],[-114.036145,51.00605],[-114.035841,51.005964],[-114.035533,51.005884],[-114.03522,51.005811],[-114.034904,51.005745],[-114.034584,51.005685],[-114.034262,51.005633],[-114.033936,51.005587],[-114.033609,51.005548],[-114.033279,51.005516],[-114.032948,51.005492],[-114.032616,51.005474],[-114.032283,51.005463],[-114.03195,51.00546],[-114.031617,51.005464],[-114.031284,51.005474],[-114.030952,51.005492],[-114.030621,51.005517],[-114.030291,51.005549],[-114.029964,51.005588],[-114.029639,51.005634],[-114.029316,51.005687],[-114.028996,51.005747],[-114.02868,51.005814],[-114.028368,51.005887],[-114.02806,51.005967],[-114.027402,51.006763],[-114.026718,51.007333],[-114.02594,51.007791],[-114.025045,51.008171],[-114.024314,51.008392],[-114.023203,51.008617],[-114.022131,51.008718],[-114.020987,51.0087],[-114.019965,51.008598],[-114.018188,51.008427],[-114.017386,51.008391],[-114.016219,51.008444],[-114.014998,51.008633],[-114.014011,51.008869],[-114.013008,51.009186],[-114.012056,51.009548],[-114.011155,51.009935],[-114.010234,51.0104],[-114.009559,51.0108],[-114.008751,51.011317],[-114.008085,51.011814],[-114.0074,51.012344],[-114.006774,51.012858],[-114.006398,51.013138],[-114.006168,51.013284],[-114.005835,51.013546],[-114.005598,51.013773],[-114.005301,51.014027],[-114.005072,51.014231],[-114.004784,51.014446],[-114.004582,51.014573],[-114.004428,51.014648],[-114.004316,51.014714],[-114.004034,51.014823],[-114.003517,51.014991],[-114.00299,51.015118],[-114.001904,51.015261],[-114.001053,51.015293],[-113.999906,51.015323],[-113.999133,51.015351],[-113.998222,51.01536],[-113.997459,51.015404],[-113.996755,51.015422],[-113.996023,51.015418],[-113.994879,51.01542],[-113.993843,51.015423],[-113.992939,51.015425],[-113.991489,51.015426],[-113.990476,51.015419],[-113.989444,51.015403],[-113.988831,51.015392],[-113.987838,51.015365],[-113.987068,51.015339],[-113.985973,51.015299],[-113.985968,51.015302]]}},{"type":"Feature","id":"b8624eba-b9a9-450d-ae98-827a698d63b5","properties":{"category":"regional-hub","designation":"Regional/ Inter City Gateway Hub","priority":null,"source":"Municipal_Development_Plan_Primary_Transit_Network_Points"},"geometry":{"type":"Point","coordinates":[-114.202651,51.12081]}},{"type":"Feature","id":"b986eefe-bcef-4b7e-82fc-05b64e8c1c5d","properties":{"category":"transit-centre","designation":"Transit Centre","priority":null,"source":"Municipal_Development_Plan_Primary_Transit_Network_Points"},"geometry":{"type":"Point","coordinates":[-114.061384,51.017611]}},{"type":"Feature","id":"ba32e408-0b2d-4279-bc9e-905106a68c47","properties":{"category":"primary-transit","designation":"Primary Transit Network","priority":null,"source":"Municipal_Development_Plan_Primary_Transit_Network_Lines"},"geometry":{"type":"LineString","coordinates":[[-113.979011,50.882085],[-113.978889,50.881319],[-113.97885,50.881078],[-113.978822,50.880948],[-113.978804,50.880818],[-113.978794,50.880688],[-113.978793,50.880558],[-113.978802,50.880427],[-113.97882,50.880297],[-113.978847,50.880168],[-113.978884,50.880039],[-113.978929,50.879912],[-113.978983,50.879786]]}},{"type":"Feature","id":"bab45d61-40bf-441f-be3a-b7fe623e20a3","properties":{"category":"primary-transit","designation":"Primary Transit Network","priority":null,"source":"Municipal_Development_Plan_Primary_Transit_Network_Lines"},"geometry":{"type":"LineString","coordinates":[[-114.117312,51.089322],[-114.114521,51.08869],[-114.109139,51.087554],[-114.10434,51.086541],[-114.103498,51.086366],[-114.102851,51.086165],[-114.102475,51.086025],[-114.102232,51.085905],[-114.101822,51.085675],[-114.097347,51.083186],[-114.097169,51.083084],[-114.097091,51.083048]]}},{"type":"Feature","id":"c0043a82-a811-49d5-904d-e513574f666b","properties":{"category":"regional-hub","designation":"Regional/ Inter City Gateway Hub","priority":null,"source":"Municipal_Development_Plan_Primary_Transit_Network_Points"},"geometry":{"type":"Point","coordinates":[-114.038282,51.141659]}},{"type":"Feature","id":"c0b3bbe1-8ffe-4943-86db-9e8fd6f8f730","properties":{"category":"lrt","designation":"Skeletal Light Rail Transit","priority":null,"source":"Municipal_Development_Plan_Primary_Transit_Network_Lines"},"geometry":{"type":"LineString","coordinates":[[-113.947761,51.126365],[-113.948469,51.125283],[-113.948589,51.125102],[-113.948784,51.124843],[-113.949045,51.124576],[-113.949307,51.12436],[-113.949357,51.124333],[-113.949941,51.12399],[-113.950602,51.123689],[-113.951187,51.123418],[-113.951857,51.123141],[-113.952441,51.122919],[-113.952978,51.12272],[-113.95338,51.122551],[-113.953763,51.122353],[-113.954156,51.122106],[-113.954625,51.121865],[-113.95544,51.121486],[-113.955938,51.121275],[-113.956416,51.121088],[-113.956914,51.120914],[-113.957489,51.120739],[-113.95815,51.120559],[-113.958916,51.120366],[-113.963656,51.119259],[-113.96447,51.119049],[-113.965159,51.118832],[-113.965925,51.118573],[-113.96672,51.118254],[-113.967371,51.117977],[-113.968099,51.117646],[-113.968557,51.117397],[-113.969317,51.116995],[-113.969499,51.116885],[-113.969727,51.116723],[-113.969955,51.116513],[-113.970107,51.116307],[-113.970342,51.115773],[-113.970692,51.115032],[-113.971345,51.114048],[-113.971831,51.113294],[-113.972432,51.112339],[-113.973009,51.111641],[-113.973441,51.111173],[-113.973882,51.110767],[-113.974374,51.110311]]}},{"type":"Feature","id":"c637aa24-b24c-40aa-badf-568d811913bc","properties":{"category":"lrt","designation":"Skeletal Light Rail Transit","priority":null,"source":"Municipal_Development_Plan_Primary_Transit_Network_Lines"},"geometry":{"type":"LineString","coordinates":[[-114.055929,51.046295],[-114.082789,51.047061],[-114.085903,51.04714]]}},{"type":"Feature","id":"c67dd6a4-ec06-48fb-9f16-bd6beff38ac9","properties":{"category":"hub","designation":"Primary Transit Hub","priority":null,"source":"Municipal_Development_Plan_Primary_Transit_Network_Points"},"geometry":{"type":"Point","coordinates":[-113.981703,51.058323]}},{"type":"Feature","id":"c78b1eb7-94f7-4977-90b2-d6ad7e079e13","properties":{"category":"primary-transit","designation":"Primary Transit Network","priority":null,"source":"Municipal_Development_Plan_Primary_Transit_Network_Lines"},"geometry":{"type":"LineString","coordinates":[[-114.173286,51.083367],[-114.174277,51.083482],[-114.174651,51.083529],[-114.174854,51.083564],[-114.175083,51.083609],[-114.175315,51.083655],[-114.175525,51.083727],[-114.17578,51.083818],[-114.175908,51.083875],[-114.176476,51.084127],[-114.177162,51.084433],[-114.178266,51.084925],[-114.178952,51.08523],[-114.179892,51.085648],[-114.180798,51.086052],[-114.181733,51.086468],[-114.182425,51.086776],[-114.183409,51.087214],[-114.184202,51.087567],[-114.184847,51.087854],[-114.186099,51.088413],[-114.186481,51.088581],[-114.186625,51.08865],[-114.186737,51.088689]]}},{"type":"Feature","id":"c84620da-56e8-4c3b-a3d0-d2b8dc4e25e9","properties":{"category":"primary-transit","designation":"Primary Transit Network","priority":null,"source":"Municipal_Development_Plan_Primary_Transit_Network_Lines"},"geometry":{"type":"LineString","coordinates":[[-114.145341,51.172332],[-114.144052,51.172322],[-114.142412,51.172299],[-114.141856,51.172299],[-114.141176,51.172299],[-114.140948,51.172299],[-114.140509,51.172291],[-114.140221,51.172285],[-114.139913,51.172259],[-114.139684,51.172231],[-114.139429,51.172184],[-114.13913,51.172111],[-114.138883,51.172039],[-114.138582,51.171939],[-114.138399,51.171862],[-114.138238,51.171788],[-114.138057,51.171684],[-114.137829,51.171529],[-114.137546,51.1713],[-114.137242,51.171049],[-114.136828,51.170687],[-114.136683,51.170559],[-114.136432,51.170357],[-114.136163,51.170164],[-114.135797,51.169965],[-114.135445,51.169838],[-114.135151,51.16977],[-114.134833,51.169722],[-114.13453,51.1697],[-114.134091,51.1697],[-114.133852,51.169711],[-114.133392,51.169738],[-114.132949,51.169773],[-114.132755,51.169394],[-114.13255,51.169018],[-114.132335,51.168644],[-114.132109,51.168272],[-114.131873,51.167903],[-114.131626,51.167537],[-114.131369,51.167173],[-114.131101,51.166812],[-114.130824,51.166455],[-114.130536,51.1661],[-114.130238,51.165749],[-114.129931,51.165401],[-114.129457,51.164844],[-114.128839,51.164203],[-114.128073,51.163495],[-114.127402,51.162878],[-114.126743,51.162285],[-114.126304,51.161951],[-114.125784,51.16153],[-114.125144,51.161023],[-114.124329,51.160438],[-114.123659,51.16001],[-114.122931,51.159527],[-114.122123,51.159059],[-114.121296,51.158596],[-114.120362,51.158144],[-114.119542,51.15785],[-114.118609,51.157548],[-114.117607,51.15725],[-114.116442,51.156874],[-114.11539,51.156576],[-114.114501,51.156301],[-114.113443,51.155983],[-114.111828,51.155489],[-114.110769,51.155175],[-114.109761,51.154893],[-114.108728,51.154575],[-114.107626,51.154214],[-114.106856,51.153951],[-114.10598,51.153649],[-114.105116,51.153375],[-114.103719,51.152935],[-114.102517,51.152507],[-114.101734,51.152154],[-114.10082,51.151686],[-114.100244,51.151333],[-114.09963,51.150908],[-114.099072,51.150452],[-114.098614,51.15004],[-114.098157,51.149564],[-114.097592,51.14899],[-114.097085,51.148467],[-114.096433,51.147803],[-114.095825,51.147189],[-114.095235,51.1466],[-114.094521,51.145857],[-114.094088,51.145452],[-114.093643,51.145019],[-114.093192,51.144543],[-114.092571,51.143899],[-114.092139,51.143478],[-114.091456,51.142845],[-114.090441,51.142035],[-114.089902,51.141693],[-114.089276,51.141328],[-114.088243,51.140829],[-114.087755,51.140629],[-114.086572,51.140165],[-114.085339,51.139678],[-114.084143,51.139215],[-114.083518,51.138964],[-114.083089,51.138695],[-114.082446,51.13833],[-114.082201,51.13819],[-114.082097,51.138096],[-114.082038,51.138013],[-114.08201,51.13794],[-114.082001,51.137844],[-114.082009,51.137765],[-114.082047,51.137648],[-114.08212,51.137434],[-114.082414,51.137131],[-114.082676,51.136957],[-114.083288,51.136603],[-114.084294,51.136059],[-114.084881,51.135764],[-114.085725,51.135322],[-114.086481,51.134924],[-114.087337,51.134467],[-114.088062,51.134073],[-114.088561,51.133813],[-114.089055,51.133557],[-114.088497,51.133125],[-114.087671,51.132527],[-114.087101,51.132091],[-114.086425,51.131549],[-114.085805,51.131152],[-114.084929,51.130755],[-114.083702,51.130225],[-114.083182,51.129989],[-114.082219,51.129565],[-114.081349,51.129199],[-114.080504,51.128834],[-114.079684,51.12848],[-114.078683,51.128052],[-114.077945,51.127742],[-114.077112,51.127361],[-114.07593,51.126811],[-114.075291,51.126363],[-114.074669,51.125918],[-114.074114,51.125533],[-114.073974,51.125469],[-114.073827,51.125409],[-114.073675,51.125356],[-114.073519,51.125308],[-114.073358,51.125266],[-114.073289,51.125211],[-114.073228,51.125151],[-114.073178,51.125088],[-114.073136,51.125022],[-114.073106,51.124954],[-114.073085,51.124885],[-114.073076,51.124814],[-114.073077,51.124744],[-114.073068,51.123353],[-114.073089,51.122605],[-114.073088,51.121879],[-114.073065,51.121321],[-114.072986,51.120926],[-114.072805,51.120405],[-114.072592,51.119996],[-114.072333,51.119594],[-114.072019,51.119164],[-114.071738,51.118769],[-114.071379,51.118303],[-114.070986,51.117775],[-114.070716,51.117408],[-114.070357,51.116971],[-114.06993,51.116541],[-114.069257,51.115977],[-114.068718,51.115547],[-114.068258,51.115173],[-114.067709,51.114736],[-114.067204,51.114306],[-114.066744,51.113954],[-114.066059,51.113383],[-114.065381,51.112866],[-114.064619,51.112192],[-114.064391,51.111955],[-114.06423,51.111742],[-114.064124,51.111445],[-114.064079,51.111029],[-114.06409,51.110785],[-114.06409,51.108993],[-114.06409,51.108195],[-114.064087,51.10652],[-114.064095,51.105535],[-114.064095,51.104682],[-114.064094,51.103726],[-114.064094,51.10277],[-114.064094,51.102251],[-114.064094,51.101732],[-114.064094,51.100694],[-114.064094,51.100262],[-114.064094,51.09983],[-114.064093,51.098858],[-114.064104,51.098212],[-114.064095,51.097518],[-114.064081,51.096224],[-114.06408,51.096123],[-114.064079,51.095518],[-114.064075,51.094742],[-114.064075,51.09417],[-114.064079,51.093471],[-114.06408,51.09296],[-114.064089,51.092484],[-114.06409,51.091537],[-114.064083,51.090646],[-114.064085,51.089753],[-114.064082,51.0894],[-114.064085,51.089193],[-114.064087,51.088861],[-114.064097,51.087638],[-114.064097,51.087245],[-114.064097,51.086171],[-114.064106,51.085318],[-114.064099,51.085097],[-114.064104,51.084147],[-114.064103,51.083362],[-114.064102,51.082344],[-114.064156,51.08163],[-114.064184,51.081336],[-114.064189,51.080644],[-114.064185,51.079749],[-114.064179,51.078858],[-114.064179,51.078411],[-114.064178,51.077963],[-114.064177,51.077071],[-114.064175,51.076179],[-114.064175,51.075733],[-114.064174,51.075288],[-114.064173,51.074347],[-114.064171,51.073426],[-114.06417,51.072994],[-114.06417,51.072562],[-114.064168,51.071648],[-114.064167,51.070741],[-114.064166,51.069829],[-114.064164,51.068921],[-114.064163,51.068011],[-114.064163,51.067318],[-114.064166,51.065955],[-114.064168,51.065494],[-114.06417,51.06501],[-114.064172,51.064526],[-114.064175,51.063468],[-114.064178,51.062576],[-114.064181,51.061678],[-114.064184,51.060787],[-114.064186,51.06034],[-114.064188,51.059893],[-114.064186,51.058998],[-114.064153,51.058897],[-114.064141,51.05884],[-114.064139,51.058784],[-114.064133,51.058447],[-114.0641,51.057766],[-114.064069,51.056978],[-114.064063,51.056639],[-114.064064,51.056183],[-114.064073,51.055827],[-114.064091,51.055365],[-114.064098,51.055176],[-114.064126,51.054624],[-114.064153,51.053908],[-114.064161,51.053673],[-114.06417,51.053489],[-114.064189,51.05312],[-114.064207,51.052432],[-114.064214,51.052133],[-114.06425,51.051715],[-114.064276,51.051348],[-114.064337,51.050403],[-114.064384,51.04945],[-114.064451,51.048509],[-114.064519,51.047566],[-114.064565,51.047086],[-114.064573,51.046615]]}},{"type":"Feature","id":"c97cd6e9-3e3d-4f75-b586-a97c4f15ab85","properties":{"category":"transit-centre","designation":"Transit Centre","priority":null,"source":"Municipal_Development_Plan_Primary_Transit_Network_Points"},"geometry":{"type":"Point","coordinates":[-113.993998,51.047473]}},{"type":"Feature","id":"cb20facd-b7fd-471b-9708-0002db0c73de","properties":{"category":"primary-transit","designation":"Primary Transit Network","priority":null,"source":"Municipal_Development_Plan_Primary_Transit_Network_Lines"},"geometry":{"type":"LineString","coordinates":[[-114.069212,51.142385],[-114.070022,51.141784],[-114.070658,51.141203],[-114.071005,51.140775],[-114.071261,51.1403],[-114.071396,51.1397],[-114.071456,51.138949],[-114.07147,51.134188],[-114.071433,51.132406],[-114.071443,51.124626]]}},{"type":"Feature","id":"cd21dc4b-50e2-426a-8f64-e560e49a32f8","properties":{"category":"transit-undetermined","designation":"Primary Transit Network to be determined","priority":null,"source":"Municipal_Development_Plan_Primary_Transit_Network_Lines"},"geometry":{"type":"LineString","coordinates":[[-114.210916,51.153312],[-114.218627,51.153775],[-114.220208,51.154084],[-114.222601,51.154153]]}},{"type":"Feature","id":"cfc14502-a474-48d4-8aad-10e848276c88","properties":{"category":"primary-transit","designation":"Primary Transit Network","priority":null,"source":"Municipal_Development_Plan_Primary_Transit_Network_Lines"},"geometry":{"type":"LineString","coordinates":[[-114.07439,51.029268],[-114.07536,51.028967],[-114.076192,51.028538],[-114.076789,51.028189],[-114.078396,51.02726],[-114.078831,51.026418],[-114.078822,51.025956],[-114.078713,51.024866],[-114.07781,51.023275],[-114.077841,51.019183],[-114.07805,51.017412],[-114.078603,51.016248],[-114.07899,51.014849],[-114.07966,51.013019],[-114.079748,51.012817],[-114.079971,51.012561],[-114.080361,51.012221],[-114.081136,51.011546],[-114.081343,51.011312],[-114.081357,51.011284],[-114.081371,51.011246],[-114.081378,51.011223],[-114.081385,51.01119],[-114.081389,51.011167],[-114.081393,51.01113],[-114.081392,51.011049],[-114.081393,51.010508],[-114.081392,51.009612],[-114.081391,51.008725],[-114.081382,51.007832],[-114.081384,51.006933],[-114.081384,51.00674],[-114.081384,51.006474],[-114.081359,51.006041],[-114.081362,51.004259],[-114.081373,51.00279],[-114.081402,51.002151],[-114.081433,51.00196],[-114.081489,51.001815],[-114.081583,51.001664],[-114.081726,51.00151],[-114.081881,51.001371],[-114.082103,51.00124],[-114.082326,51.001106],[-114.082486,51.00098],[-114.082622,51.000843],[-114.08271,51.000742],[-114.082891,51.000509],[-114.083012,51.000295],[-114.083107,51.000052],[-114.083154,50.999829],[-114.083179,50.997759],[-114.083204,50.99552],[-114.083171,50.994383],[-114.08318,50.992415],[-114.083157,50.991734],[-114.083155,50.991436],[-114.083156,50.991052],[-114.083156,50.99053],[-114.083156,50.98779],[-114.083147,50.986026],[-114.083164,50.983789],[-114.083154,50.982191],[-114.083163,50.979579]]}},{"type":"Feature","id":"d0adf5e6-9ef2-4007-8e79-f6db300a489e","properties":{"category":"hub","designation":"Primary Transit Hub","priority":null,"source":"Municipal_Development_Plan_Primary_Transit_Network_Points"},"geometry":{"type":"Point","coordinates":[-114.068104,51.001074]}},{"type":"Feature","id":"d0bb1597-13b8-4351-be64-ebef3e7b9188","properties":{"category":"hub","designation":"Primary Transit Hub","priority":null,"source":"Municipal_Development_Plan_Primary_Transit_Network_Points"},"geometry":{"type":"Point","coordinates":[-114.14604,51.172931]}},{"type":"Feature","id":"d36b7602-1a52-4fb4-a58e-72d310597abd","properties":{"category":"primary-transit","designation":"Primary Transit Network","priority":null,"source":"Municipal_Development_Plan_Primary_Transit_Network_Lines"},"geometry":{"type":"LineString","coordinates":[[-114.064206,51.001386],[-114.067165,51.001385],[-114.068623,51.001384],[-114.071602,51.001397],[-114.071669,51.001396]]}},{"type":"Feature","id":"d52c57ef-9456-4010-97b4-49e9232adc50","properties":{"category":"primary-transit","designation":"Primary Transit Network","priority":null,"source":"Municipal_Development_Plan_Primary_Transit_Network_Lines"},"geometry":{"type":"LineString","coordinates":[[-113.936651,50.878832],[-113.936972,50.879289],[-113.937283,50.879749],[-113.937585,50.880211],[-113.937876,50.880676],[-113.938158,50.881143],[-113.93843,50.881613],[-113.938691,50.882085],[-113.938943,50.882559],[-113.939185,50.883035],[-113.939416,50.883513],[-113.939638,50.883993],[-113.939849,50.884475],[-113.94005,50.884958],[-113.940767,50.887707],[-113.94182,50.893822],[-113.941977,50.894296],[-113.942125,50.894772],[-113.942264,50.895249],[-113.942393,50.895727],[-113.942512,50.896206],[-113.942622,50.896686],[-113.942722,50.897167],[-113.942813,50.897649],[-113.942838,50.897833],[-113.942873,50.898017],[-113.942919,50.8982],[-113.942976,50.898382],[-113.943042,50.898562],[-113.943119,50.898741],[-113.943206,50.898918],[-113.943303,50.899092],[-113.94341,50.899265],[-113.943527,50.899435],[-113.943653,50.899602],[-113.943788,50.899766],[-113.943933,50.899927],[-113.944087,50.900085],[-113.94425,50.900239],[-113.944421,50.900389],[-113.944601,50.900535],[-113.944789,50.900677],[-113.944986,50.900815],[-113.945189,50.900948],[-113.9454,50.901076],[-113.945619,50.901199],[-113.945844,50.901318],[-113.946059,50.901444],[-113.946266,50.901574],[-113.946465,50.901709],[-113.946657,50.901849],[-113.946841,50.901993],[-113.947016,50.902141],[-113.947182,50.902293],[-113.94734,50.902449],[-113.947489,50.902608],[-113.947629,50.902771],[-113.947759,50.902936],[-113.947879,50.903105],[-113.94799,50.903276],[-113.948091,50.903449],[-113.948182,50.903625],[-113.948263,50.903803],[-113.948334,50.903982],[-113.948394,50.904163],[-113.948444,50.904345],[-113.948484,50.904529],[-113.948513,50.904713],[-113.948531,50.904897],[-113.948539,50.905082],[-113.948536,50.905267],[-113.948523,50.905452],[-113.948499,50.905636],[-113.948308,50.906173],[-113.948126,50.906711],[-113.947953,50.90725],[-113.947789,50.90779],[-113.947746,50.90795],[-113.947712,50.90811],[-113.947685,50.908271],[-113.947667,50.908433],[-113.947657,50.908595],[-113.947656,50.908757],[-113.947642,50.908933],[-113.947636,50.909109],[-113.94764,50.909285],[-113.947652,50.909461],[-113.947673,50.909637],[-113.947703,50.909812],[-113.947736,50.909978],[-113.947778,50.910144],[-113.947829,50.910308],[-113.947888,50.910472],[-113.947935,50.910544],[-113.947991,50.910614],[-113.948055,50.910681],[-113.948236,50.910892],[-113.948454,50.911126],[-113.948682,50.911351],[-113.948897,50.911528],[-113.94915,50.911764],[-113.949471,50.912016],[-113.950045,50.912415],[-113.950145,50.91249],[-113.950252,50.91256],[-113.950367,50.912626],[-113.950488,50.912687],[-113.95056,50.912736],[-113.95064,50.912781],[-113.950726,50.912821],[-113.950801,50.91287],[-113.950884,50.912915],[-113.950972,50.912954],[-113.951026,50.912989],[-113.951084,50.91302],[-113.951147,50.913048],[-113.951218,50.913094],[-113.951296,50.913136],[-113.951381,50.913173],[-113.95186,50.913421],[-113.952334,50.913672],[-113.952802,50.913928],[-113.953265,50.914188],[-113.953721,50.914452],[-113.954172,50.91472],[-113.954618,50.914992],[-113.954753,50.915065],[-113.954882,50.915143],[-113.955006,50.915224],[-113.955123,50.915308],[-113.955235,50.915396],[-113.955364,50.915487],[-113.955486,50.915582],[-113.955601,50.91568],[-113.955708,50.915781],[-113.955807,50.915886],[-113.955935,50.916015],[-113.956054,50.916147],[-113.956164,50.916283],[-113.956264,50.916421],[-113.956355,50.916562],[-113.956436,50.916705],[-113.956507,50.91685],[-113.956568,50.916997],[-113.956619,50.917146],[-113.956659,50.917296],[-113.95669,50.917447],[-113.95671,50.917599],[-113.956719,50.917751],[-113.956718,50.917903],[-113.956707,50.918055],[-113.956732,50.925259],[-113.956768,50.931186],[-113.957398,50.931286],[-113.958031,50.931379],[-113.958666,50.931466],[-113.959303,50.931546],[-113.959942,50.93162],[-113.960583,50.931688],[-113.961225,50.931749],[-113.961869,50.931804],[-113.962514,50.931853],[-113.963161,50.931894],[-113.963808,50.93193],[-113.964456,50.931959],[-113.965105,50.931981],[-113.965754,50.931997],[-113.966972,50.931968],[-113.968189,50.931946],[-113.969407,50.93193],[-113.970625,50.931919],[-113.971844,50.931914],[-113.973062,50.931915],[-113.97428,50.931922],[-113.975498,50.931935]]}},{"type":"Feature","id":"d5f055df-2d40-4e28-971b-edf5d0e6f49c","properties":{"category":"transit-centre","designation":"Transit Centre","priority":null,"source":"Municipal_Development_Plan_Primary_Transit_Network_Points"},"geometry":{"type":"Point","coordinates":[-114.215672,51.038946]}},{"type":"Feature","id":"d94d0d04-60ef-48c2-b243-9211101d4faa","properties":{"category":"transit-centre","designation":"Transit Centre","priority":null,"source":"Municipal_Development_Plan_Primary_Transit_Network_Points"},"geometry":{"type":"Point","coordinates":[-114.142747,51.102631]}},{"type":"Feature","id":"d956b9bf-3d47-4085-91a2-06e70f09a7f9","properties":{"category":"primary-transit","designation":"Primary Transit Network","priority":null,"source":"Municipal_Development_Plan_Primary_Transit_Network_Lines"},"geometry":{"type":"LineString","coordinates":[[-113.981212,51.018667],[-113.981327,51.018809],[-113.981463,51.019017],[-113.981548,51.0192],[-113.981594,51.019503],[-113.981627,51.020045],[-113.981634,51.020717],[-113.981627,51.021445],[-113.981624,51.022266],[-113.981623,51.022905],[-113.981616,51.023727],[-113.981632,51.025382],[-113.981622,51.026407],[-113.981624,51.027366],[-113.981614,51.028527],[-113.981624,51.029379],[-113.98162,51.03004],[-113.98162,51.030522],[-113.9816,51.031064],[-113.980759,51.053644]]}},{"type":"Feature","id":"da1a4774-e030-42a0-96fd-ad0c69b52ff0","properties":{"category":"primary-transit","designation":"Primary Transit Network","priority":null,"source":"Municipal_Development_Plan_Primary_Transit_Network_Lines"},"geometry":{"type":"LineString","coordinates":[[-114.129418,51.008715],[-114.129403,51.008912],[-114.129403,51.00915],[-114.129393,51.009413],[-114.129379,51.009534],[-114.129355,51.009669],[-114.129313,51.009781],[-114.129256,51.009893],[-114.129135,51.010065],[-114.129073,51.010144],[-114.128988,51.010226],[-114.128901,51.010304],[-114.12875,51.010417],[-114.128606,51.010507],[-114.128383,51.010622],[-114.128166,51.010713],[-114.128046,51.010753],[-114.127863,51.010806],[-114.127679,51.010854],[-114.127587,51.010875],[-114.127485,51.010898],[-114.1274,51.010915],[-114.127289,51.010939],[-114.127009,51.010993],[-114.12701,51.010994]]}},{"type":"Feature","id":"dbef576b-de8d-4920-996b-c2d6caea2f5e","properties":{"category":"primary-transit","designation":"Primary Transit Network","priority":null,"source":"Municipal_Development_Plan_Primary_Transit_Network_Lines"},"geometry":{"type":"LineString","coordinates":[[-114.118009,51.016029],[-114.118009,51.01604],[-114.117973,51.016717],[-114.117946,51.017342],[-114.117938,51.017835],[-114.117934,51.017978],[-114.117966,51.018691],[-114.117938,51.019353],[-114.117932,51.020071],[-114.117926,51.020704],[-114.11795,51.021417],[-114.117945,51.022107],[-114.117954,51.022726],[-114.117933,51.023425],[-114.117898,51.024209],[-114.117862,51.024805],[-114.117827,51.025438],[-114.117828,51.026095],[-114.117815,51.026588],[-114.117832,51.027465],[-114.117834,51.028164],[-114.117828,51.028915],[-114.117852,51.02936],[-114.118017,51.030158],[-114.118183,51.03081],[-114.118229,51.031429],[-114.118253,51.032344],[-114.118293,51.033179],[-114.118287,51.033878],[-114.118243,51.034146],[-114.118184,51.034348],[-114.118081,51.034573],[-114.11788,51.034873],[-114.117561,51.035183],[-114.117286,51.035381],[-114.11687,51.035592],[-114.116424,51.035748],[-114.115807,51.03595],[-114.11519,51.036162],[-114.114625,51.036387],[-114.114016,51.036791],[-114.113622,51.037209],[-114.113392,51.037543],[-114.113178,51.03804],[-114.112949,51.038669],[-114.112703,51.039369],[-114.112439,51.04011],[-114.112158,51.040842],[-114.112076,51.041293],[-114.112026,51.04179],[-114.112027,51.042048],[-114.112094,51.042325],[-114.112184,51.042588],[-114.112388,51.042994],[-114.112822,51.043647],[-114.11329,51.044269],[-114.113659,51.044785],[-114.114176,51.045635],[-114.114832,51.046808],[-114.115307,51.047675],[-114.115641,51.048188],[-114.115837,51.048533],[-114.116151,51.049054],[-114.116367,51.049308],[-114.116576,51.049505],[-114.116834,51.049728],[-114.117084,51.049917],[-114.117377,51.050118],[-114.117579,51.05035],[-114.117698,51.050486],[-114.117781,51.05063],[-114.117858,51.05084],[-114.117887,51.051059],[-114.117922,51.051265],[-114.117965,51.051786],[-114.117967,51.052422],[-114.117947,51.053096],[-114.117963,51.053688],[-114.117972,51.054393],[-114.11796,51.055283],[-114.117982,51.055835],[-114.118012,51.056435],[-114.118048,51.056908],[-114.11807,51.057482],[-114.118045,51.058467],[-114.11804,51.059418],[-114.117968,51.06121],[-114.117956,51.061858],[-114.117978,51.062231],[-114.118136,51.062519],[-114.118215,51.062664],[-114.118334,51.062879],[-114.119059,51.063724],[-114.11945,51.064196],[-114.119973,51.064779],[-114.120517,51.0654],[-114.120984,51.065943],[-114.121618,51.066696],[-114.122176,51.0673],[-114.122506,51.067699],[-114.123481,51.068823],[-114.124534,51.069983],[-114.124944,51.070506],[-114.125552,51.071235],[-114.126054,51.071791],[-114.126689,51.072543],[-114.127303,51.073213],[-114.127729,51.073686],[-114.12837,51.074417],[-114.128934,51.074381],[-114.129817,51.074376],[-114.131207,51.074369],[-114.132473,51.074368],[-114.133162,51.074368],[-114.134998,51.074357],[-114.135874,51.074373],[-114.137348,51.074358],[-114.138458,51.074361],[-114.139358,51.074365],[-114.140512,51.074355],[-114.142112,51.074331]]}},{"type":"Feature","id":"dc08c861-83c1-47a7-a3fb-55ea310b9f82","properties":{"category":"primary-transit","designation":"Primary Transit Network","priority":null,"source":"Municipal_Development_Plan_Primary_Transit_Network_Lines"},"geometry":{"type":"LineString","coordinates":[[-114.071634,50.965028],[-114.075215,50.965032],[-114.076124,50.965021],[-114.077156,50.964956],[-114.078076,50.964853],[-114.078805,50.964736],[-114.07913,50.964672],[-114.084822,50.963538],[-114.093705,50.961763],[-114.094345,50.961649],[-114.094816,50.961592],[-114.09522,50.961543],[-114.096218,50.961468],[-114.097024,50.961439],[-114.099422,50.961429],[-114.105709,50.96142],[-114.106481,50.961416],[-114.107606,50.961364],[-114.108268,50.961328],[-114.109459,50.961324],[-114.117968,50.961308],[-114.117968,50.961311]]}},{"type":"Feature","id":"df3f18e5-cbe8-490c-9c27-75b5eb324e02","properties":{"category":"primary-transit","designation":"Primary Transit Network","priority":null,"source":"Municipal_Development_Plan_Primary_Transit_Network_Lines"},"geometry":{"type":"LineString","coordinates":[[-114.175968,51.016186],[-114.175077,51.0162],[-114.1737,51.016423],[-114.172688,51.016743],[-114.171674,51.017057],[-114.170481,51.017427],[-114.169794,51.017595],[-114.168376,51.01787],[-114.166925,51.018076],[-114.166087,51.01815],[-114.165265,51.018159],[-114.164305,51.018091],[-114.163227,51.017988],[-114.162183,51.017929],[-114.161094,51.01794],[-114.159894,51.018042],[-114.158999,51.018141],[-114.157666,51.018307],[-114.156718,51.018411],[-114.155767,51.0185],[-114.154531,51.018635],[-114.153691,51.018756],[-114.152833,51.018958],[-114.151095,51.019463],[-114.150696,51.019579],[-114.149652,51.019883],[-114.148719,51.020154],[-114.146824,51.020705],[-114.145868,51.020984],[-114.144914,51.021276],[-114.143986,51.021589],[-114.143142,51.021869],[-114.142095,51.022216],[-114.141384,51.022445],[-114.140507,51.022647],[-114.139058,51.023084],[-114.13819,51.023345],[-114.136911,51.023729],[-114.135494,51.024151],[-114.134683,51.024398],[-114.134079,51.024583],[-114.132665,51.025008],[-114.131707,51.025298],[-114.13097,51.025462],[-114.130193,51.025395],[-114.12922,51.02509],[-114.128418,51.024852],[-114.12751,51.024694],[-114.125484,51.02467],[-114.124709,51.024671],[-114.123926,51.024671],[-114.122869,51.024676],[-114.121905,51.024651],[-114.121105,51.024535],[-114.120269,51.024297],[-114.119226,51.024032],[-114.118831,51.023961],[-114.118169,51.023906],[-114.117239,51.023916],[-114.116013,51.023984],[-114.094707,51.024009]]}},{"type":"Feature","id":"e04e7130-9085-44ec-9aef-1b6e71c0886f","properties":{"category":"primary-transit","designation":"Primary Transit Network","priority":null,"source":"Municipal_Development_Plan_Primary_Transit_Network_Lines"},"geometry":{"type":"LineString","coordinates":[[-114.141225,51.037799],[-114.141226,51.037623],[-114.141222,51.036258],[-114.141219,51.034708],[-114.141215,51.033162],[-114.14121,51.031608],[-114.141148,51.030059],[-114.141149,51.029879],[-114.141151,51.029317],[-114.141152,51.028934],[-114.141156,51.028505],[-114.14116,51.026954],[-114.141152,51.025407],[-114.141151,51.02439],[-114.14116,51.02251],[-114.141162,51.021807],[-114.141167,51.020879],[-114.141178,51.019209],[-114.141177,51.019195],[-114.141177,51.019179],[-114.141177,51.019169],[-114.141178,51.019148],[-114.141178,51.019082],[-114.141178,51.019026],[-114.141178,51.018991],[-114.141178,51.01804],[-114.141179,51.017962],[-114.141179,51.017908],[-114.141178,51.017772],[-114.141175,51.017592],[-114.141174,51.017551],[-114.141173,51.017529],[-114.141173,51.017491],[-114.141173,51.017452],[-114.141173,51.017399],[-114.141173,51.017362],[-114.141173,51.017311],[-114.141172,51.017257],[-114.141172,51.017133],[-114.141172,51.01708],[-114.141172,51.017028],[-114.141172,51.016867],[-114.141171,51.016794],[-114.141171,51.016656],[-114.141171,51.016403],[-114.141167,51.014878],[-114.141167,51.014822],[-114.141167,51.014806],[-114.141167,51.014752],[-114.141168,51.014701],[-114.141168,51.014641],[-114.141171,51.014401],[-114.14117,51.014033],[-114.141168,51.013244],[-114.141166,51.012964],[-114.141162,51.01253],[-114.141162,51.012456]]}},{"type":"Feature","id":"e09f5f35-f28f-4907-a1d7-95ecb17fe5d6","properties":{"category":"transit-centre","designation":"Transit Centre","priority":null,"source":"Municipal_Development_Plan_Primary_Transit_Network_Points"},"geometry":{"type":"Point","coordinates":[-114.091311,51.063119]}},{"type":"Feature","id":"e0edb3d2-7a1c-4456-b490-75cf74b9c020","properties":{"category":"transit-centre","designation":"Transit Centre","priority":null,"source":"Municipal_Development_Plan_Primary_Transit_Network_Points"},"geometry":{"type":"Point","coordinates":[-113.87427,51.037843]}},{"type":"Feature","id":"e25e917d-19fd-4ad9-a260-4652c67037da","properties":{"category":"primary-transit","designation":"Primary Transit Network","priority":null,"source":"Municipal_Development_Plan_Primary_Transit_Network_Lines"},"geometry":{"type":"LineString","coordinates":[[-114.211788,51.106083],[-114.211782,51.106122],[-114.211799,51.106776],[-114.211772,51.107511],[-114.211675,51.108189],[-114.211516,51.108841],[-114.211287,51.10958],[-114.211044,51.110379],[-114.210829,51.111076],[-114.210491,51.112016],[-114.210166,51.112641],[-114.209787,51.113214],[-114.2094,51.1137],[-114.209123,51.113997],[-114.208563,51.114536],[-114.207886,51.115168],[-114.207379,51.115643],[-114.206747,51.116232],[-114.205985,51.116944],[-114.205386,51.117457],[-114.204889,51.118054],[-114.204266,51.118587],[-114.203693,51.119138],[-114.203143,51.119652],[-114.20259,51.120153],[-114.202266,51.120449]]}},{"type":"Feature","id":"e39fc652-0258-471b-a839-8222663b20e5","properties":{"category":"future-lrt","designation":"Skeletal Light Rail Transit Future","priority":null,"source":"Municipal_Development_Plan_Primary_Transit_Network_Lines"},"geometry":{"type":"LineString","coordinates":[[-114.052336,50.848548],[-114.052182,50.849408],[-114.052088,50.849854],[-114.052002,50.850239],[-114.051878,50.850736],[-114.051737,50.851246],[-114.051224,50.852902],[-114.050861,50.85406],[-114.050418,50.855463],[-114.049987,50.856828],[-114.049781,50.857423],[-114.049588,50.857933],[-114.049475,50.858222],[-114.049274,50.858701],[-114.04897,50.859386],[-114.047384,50.862969],[-114.047265,50.86325],[-114.04723,50.863343]]}},{"type":"Feature","id":"e422200b-2faf-4b8b-958a-bf966eeec7a8","properties":{"category":"transit-centre","designation":"Transit Centre","priority":null,"source":"Municipal_Development_Plan_Primary_Transit_Network_Points"},"geometry":{"type":"Point","coordinates":[-114.154148,51.037805]}},{"type":"Feature","id":"e444e492-1d43-49bc-82ae-cd0dcdf0f8b7","properties":{"category":"transit-undetermined","designation":"Primary Transit Network to be determined","priority":null,"source":"Municipal_Development_Plan_Primary_Transit_Network_Lines"},"geometry":{"type":"LineString","coordinates":[[-113.985347,50.892025],[-113.984967,50.891628],[-113.984595,50.891227],[-113.984233,50.890824],[-113.98388,50.890416],[-113.983536,50.890006],[-113.983202,50.889592],[-113.982877,50.889176],[-113.982562,50.888756],[-113.982257,50.888334],[-113.981961,50.887909],[-113.981675,50.887481],[-113.981399,50.887051],[-113.981132,50.886618],[-113.980876,50.886183],[-113.98063,50.885745],[-113.980393,50.885306],[-113.980167,50.884864],[-113.979951,50.88442],[-113.979745,50.883974],[-113.97955,50.883526],[-113.979364,50.883077],[-113.979189,50.882626],[-113.979025,50.882173]]}},{"type":"Feature","id":"e559dff6-07f5-4028-bd25-24fcd6d706ad","properties":{"category":"hub","designation":"Primary Transit Hub","priority":null,"source":"Municipal_Development_Plan_Primary_Transit_Network_Points"},"geometry":{"type":"Point","coordinates":[-113.981719,51.075707]}},{"type":"Feature","id":"e6b5b325-cabd-40de-bb80-b0452ff10ad1","properties":{"category":"primary-transit","designation":"Primary Transit Network","priority":null,"source":"Municipal_Development_Plan_Primary_Transit_Network_Lines"},"geometry":{"type":"LineString","coordinates":[[-114.001816,51.139614],[-114.001755,51.138917],[-114.001723,51.138549],[-114.001608,51.138312],[-114.001513,51.137738],[-114.001355,51.137352],[-114.001178,51.13717],[-114.000988,51.136744],[-114.000723,51.136306],[-114.000569,51.136005],[-114.000462,51.135767],[-114.000404,51.135325],[-114.00039,51.134459],[-114.000391,51.134221]]}},{"type":"Feature","id":"e6beb9b2-9e28-4d70-bcab-0cdb3e7167cd","properties":{"category":"primary-transit","designation":"Primary Transit Network","priority":null,"source":"Municipal_Development_Plan_Primary_Transit_Network_Lines"},"geometry":{"type":"LineString","coordinates":[[-114.211788,51.106083],[-114.211761,51.105778],[-114.211839,51.10551],[-114.212017,51.105223],[-114.212299,51.10495],[-114.212541,51.104789],[-114.212728,51.104692],[-114.212891,51.104622],[-114.213016,51.104576],[-114.213155,51.104532],[-114.213301,51.104493],[-114.213465,51.104457],[-114.213705,51.104418],[-114.213967,51.104395],[-114.214119,51.10439],[-114.21429,51.104391],[-114.214452,51.104398],[-114.214555,51.104406],[-114.214724,51.104422],[-114.214908,51.104445],[-114.215092,51.104471],[-114.215277,51.1045],[-114.215435,51.104524],[-114.215602,51.104551],[-114.215728,51.10457],[-114.215955,51.104606],[-114.216124,51.104632],[-114.216395,51.104675],[-114.2166,51.104707],[-114.216855,51.104735],[-114.217087,51.104775],[-114.217106,51.104725],[-114.217146,51.104614],[-114.217167,51.104525],[-114.217179,51.104413],[-114.217186,51.104305],[-114.217194,51.10423],[-114.21723,51.104137],[-114.217186,51.104039],[-114.217097,51.103872],[-114.217049,51.103803],[-114.216991,51.10373],[-114.216924,51.103657],[-114.21687,51.103603],[-114.216802,51.103538],[-114.216691,51.103436],[-114.216623,51.103376],[-114.216555,51.103315],[-114.216444,51.103212],[-114.216358,51.103126],[-114.216308,51.103071],[-114.216229,51.102973],[-114.216168,51.102878],[-114.216135,51.102812],[-114.216096,51.102712],[-114.216073,51.102621],[-114.216057,51.102526],[-114.216049,51.102436],[-114.216045,51.102376],[-114.216044,51.102299],[-114.216045,51.102233],[-114.216046,51.102156],[-114.216045,51.10209],[-114.215884,51.102082],[-114.21562,51.102068],[-114.215563,51.102065],[-114.215193,51.102045],[-114.214616,51.102015],[-114.213378,51.101949],[-114.212539,51.101905],[-114.21236,51.101896],[-114.212069,51.101881],[-114.211702,51.101861],[-114.211359,51.101848],[-114.211058,51.101851],[-114.210907,51.101857],[-114.210764,51.101866],[-114.21059,51.101882],[-114.210457,51.101895],[-114.210224,51.101918],[-114.210102,51.10193],[-114.210056,51.101699],[-114.210004,51.101441],[-114.209966,51.101102],[-114.209954,51.100919],[-114.209937,51.100643],[-114.209962,51.100549],[-114.209986,51.100456],[-114.209983,51.100294],[-114.209969,51.10013],[-114.209997,51.10001],[-114.210029,51.099872],[-114.210058,51.099754],[-114.210105,51.099593],[-114.210154,51.09942],[-114.210205,51.099237],[-114.210231,51.099144],[-114.210288,51.09893],[-114.210317,51.098813],[-114.210395,51.098515],[-114.210444,51.098335],[-114.21049,51.098191],[-114.210525,51.098036],[-114.210608,51.09773],[-114.210672,51.097484],[-114.210725,51.097271],[-114.210771,51.097106],[-114.210809,51.096973],[-114.210851,51.096807],[-114.210926,51.096483],[-114.210983,51.096114],[-114.210989,51.09564],[-114.210981,51.094988],[-114.21098,51.094095],[-114.210982,51.09249],[-114.210967,51.092235],[-114.210935,51.092133],[-114.210862,51.092006],[-114.210805,51.091948],[-114.210798,51.091889],[-114.209158,51.091015],[-114.207511,51.090125],[-114.205442,51.089037],[-114.205261,51.088965],[-114.205126,51.088943],[-114.204946,51.088947],[-114.204238,51.088949],[-114.201146,51.088957],[-114.197331,51.088969],[-114.196431,51.088973],[-114.193584,51.088985],[-114.191845,51.088989],[-114.190595,51.088993],[-114.190434,51.088991],[-114.190321,51.088989],[-114.190262,51.088988],[-114.190039,51.088981],[-114.189859,51.088971],[-114.189664,51.088953],[-114.189487,51.088936],[-114.189188,51.088911],[-114.188961,51.088908],[-114.188753,51.08891],[-114.188593,51.08891],[-114.188356,51.088913],[-114.188139,51.088913],[-114.18796,51.088907],[-114.187894,51.088905],[-114.187734,51.088893],[-114.187595,51.088881],[-114.187412,51.088857],[-114.187224,51.088825],[-114.187056,51.088789],[-114.18698,51.088769],[-114.186737,51.088689]]}},{"type":"Feature","id":"e6e424be-9e9e-4ed2-bdea-58beabd55ab0","properties":{"category":"hub","designation":"Primary Transit Hub","priority":null,"source":"Municipal_Development_Plan_Primary_Transit_Network_Points"},"geometry":{"type":"Point","coordinates":[-114.070608,50.903331]}},{"type":"Feature","id":"e749a0bd-312e-4e7c-949a-9accf22fd213","properties":{"category":"hub","designation":"Primary Transit Hub","priority":null,"source":"Municipal_Development_Plan_Primary_Transit_Network_Points"},"geometry":{"type":"Point","coordinates":[-113.958295,51.037946]}},{"type":"Feature","id":"e9648737-4c58-4e00-9c2b-d73c096c82f9","properties":{"category":"primary-transit","designation":"Primary Transit Network","priority":null,"source":"Municipal_Development_Plan_Primary_Transit_Network_Lines"},"geometry":{"type":"LineString","coordinates":[[-113.980783,51.081419],[-113.980759,51.053644]]}},{"type":"Feature","id":"e9ad377f-3d15-4125-8732-8cc47a6eed1c","properties":{"category":"primary-transit","designation":"Primary Transit Network","priority":null,"source":"Municipal_Development_Plan_Primary_Transit_Network_Lines"},"geometry":{"type":"LineString","coordinates":[[-114.15224,51.08149],[-114.129711,51.081501],[-114.128729,51.081641],[-114.127687,51.08192],[-114.126726,51.082388],[-114.125725,51.083071],[-114.124878,51.083649],[-114.121697,51.085817],[-114.118484,51.088025],[-114.118193,51.088244],[-114.117903,51.08857],[-114.117331,51.089322]]}},{"type":"Feature","id":"e9bb3535-7698-4d8b-8896-252516155149","properties":{"category":"primary-transit","designation":"Primary Transit Network","priority":null,"source":"Municipal_Development_Plan_Primary_Transit_Network_Lines"},"geometry":{"type":"LineString","coordinates":[[-114.176052,51.01623],[-114.176436,51.016264],[-114.176819,51.016305],[-114.1772,51.016354],[-114.177578,51.016409],[-114.177954,51.016471],[-114.178326,51.016539],[-114.178696,51.016615],[-114.179062,51.016697],[-114.179424,51.016785],[-114.179782,51.01688],[-114.180135,51.016982],[-114.180484,51.017089],[-114.180827,51.017203],[-114.181166,51.017324],[-114.181498,51.01745],[-114.181825,51.017582],[-114.182146,51.01772],[-114.18246,51.017864],[-114.182768,51.018013],[-114.183069,51.018168],[-114.183363,51.018328],[-114.183649,51.018494],[-114.183928,51.018664],[-114.184199,51.01884],[-114.184462,51.01902],[-114.184716,51.019205],[-114.184962,51.019394],[-114.185199,51.019588],[-114.185428,51.019786],[-114.185647,51.019988],[-114.185858,51.020194],[-114.186058,51.020404],[-114.186249,51.020617],[-114.186431,51.020834],[-114.186602,51.021053],[-114.186764,51.021276],[-114.186915,51.021502],[-114.187056,51.02173],[-114.187187,51.02196],[-114.187307,51.022193],[-114.187417,51.022428],[-114.187515,51.022665],[-114.187604,51.022904],[-114.187573,51.037709],[-114.187571,51.038436],[-114.211005,51.038459],[-114.21097,51.052762],[-114.210973,51.06701],[-114.222595,51.067002],[-114.224668,51.067],[-114.22464,51.074618],[-114.224656,51.074944],[-114.224684,51.07527],[-114.224722,51.075596],[-114.224772,51.07592],[-114.224833,51.076244],[-114.224905,51.076567],[-114.224988,51.07689],[-114.225081,51.07721],[-114.225186,51.07753],[-114.225302,51.077848],[-114.225428,51.078164],[-114.225566,51.078479],[-114.225713,51.078792],[-114.225872,51.079102],[-114.226041,51.079411],[-114.226221,51.079717],[-114.226411,51.08002],[-114.231328,51.086808],[-114.231547,51.087105],[-114.231755,51.087404],[-114.231953,51.087706],[-114.232141,51.088011],[-114.232318,51.088319],[-114.232484,51.088628],[-114.232641,51.08894],[-114.232786,51.089254],[-114.232921,51.08957],[-114.233045,51.089888],[-114.233158,51.090207],[-114.23326,51.090527],[-114.233352,51.090849],[-114.233432,51.091172],[-114.233502,51.091496],[-114.23356,51.091821],[-114.233607,51.092147],[-114.233643,51.092473],[-114.233668,51.0928],[-114.233682,51.093127],[-114.233685,51.093454],[-114.233677,51.093781],[-114.233657,51.094107],[-114.233627,51.094434],[-114.233585,51.09476],[-114.233532,51.095085],[-114.233469,51.09541],[-114.233394,51.095733],[-114.233308,51.096056],[-114.233124,51.096434],[-114.232929,51.096811],[-114.232724,51.097185],[-114.232507,51.097557],[-114.232281,51.097926],[-114.232043,51.098292],[-114.231796,51.098656],[-114.231537,51.099017],[-114.231269,51.099375],[-114.23099,51.09973],[-114.230702,51.100082],[-114.230403,51.10043],[-114.230094,51.100775],[-114.229776,51.101116],[-114.229447,51.101454],[-114.22911,51.101788],[-114.228762,51.102118],[-114.228406,51.102444],[-114.22804,51.102766],[-114.227665,51.103083],[-114.22728,51.103397],[-114.226887,51.103706],[-114.226486,51.10401],[-114.226075,51.10431],[-114.225897,51.104483],[-114.225727,51.104659],[-114.225565,51.104838],[-114.225412,51.10502],[-114.225268,51.105205],[-114.225133,51.105393],[-114.225007,51.105583],[-114.22489,51.105775],[-114.224782,51.10597],[-114.224684,51.106166],[-114.224595,51.106365],[-114.224516,51.106565],[-114.217087,51.104775]]}},{"type":"Feature","id":"ea059ec2-6619-498e-8438-5fc0266a15f0","properties":{"category":"hub","designation":"Primary Transit Hub","priority":null,"source":"Municipal_Development_Plan_Primary_Transit_Network_Points"},"geometry":{"type":"Point","coordinates":[-114.103557,51.06504]}},{"type":"Feature","id":"eb0d7832-f869-4e2d-b593-8cf4d2e595a7","properties":{"category":"transit-centre","designation":"Transit Centre","priority":null,"source":"Municipal_Development_Plan_Primary_Transit_Network_Points"},"geometry":{"type":"Point","coordinates":[-114.069835,50.935926]}},{"type":"Feature","id":"efa21809-e79e-4a95-bd5b-42734695a6c7","properties":{"category":"primary-transit","designation":"Primary Transit Network","priority":null,"source":"Municipal_Development_Plan_Primary_Transit_Network_Lines"},"geometry":{"type":"LineString","coordinates":[[-114.042473,51.066985],[-114.001927,51.066956],[-113.9817,51.066973]]}},{"type":"Feature","id":"efb02351-1583-4845-85c4-acfb042d6b26","properties":{"category":"hub","designation":"Primary Transit Hub","priority":null,"source":"Municipal_Development_Plan_Primary_Transit_Network_Points"},"geometry":{"type":"Point","coordinates":[-114.039194,50.987215]}},{"type":"Feature","id":"f05ecae1-092e-4d39-b0be-dc8e2d0ecd1e","properties":{"category":"transit-centre","designation":"Transit Centre","priority":null,"source":"Municipal_Development_Plan_Primary_Transit_Network_Points"},"geometry":{"type":"Point","coordinates":[-113.962511,51.165831]}},{"type":"Feature","id":"f2d4f36e-8fa9-44d4-a2a1-2c6de3b4e03b","properties":{"category":"primary-transit","designation":"Primary Transit Network","priority":null,"source":"Municipal_Development_Plan_Primary_Transit_Network_Lines"},"geometry":{"type":"LineString","coordinates":[[-114.122375,51.012329],[-114.130767,51.015379],[-114.130909,51.015434],[-114.131056,51.015483],[-114.131209,51.015526],[-114.131365,51.015562],[-114.131525,51.015592],[-114.131687,51.015615],[-114.131852,51.015631],[-114.132018,51.015641],[-114.132184,51.015643],[-114.132351,51.015639],[-114.132517,51.015628],[-114.132681,51.01561],[-114.132843,51.015586],[-114.133002,51.015555],[-114.133157,51.015517],[-114.133309,51.015473],[-114.133455,51.015423],[-114.133596,51.015366],[-114.133731,51.015305],[-114.133859,51.015237],[-114.13398,51.015165],[-114.134093,51.015088],[-114.134197,51.015006],[-114.136453,51.013335]]}},{"type":"Feature","id":"f4acd743-3a05-4fb9-b915-af04195a8d6b","properties":{"category":"primary-transit","designation":"Primary Transit Network","priority":null,"source":"Municipal_Development_Plan_Primary_Transit_Network_Lines"},"geometry":{"type":"LineString","coordinates":[[-114.120425,50.906794],[-114.186642,50.906701]]}},{"type":"Feature","id":"f52b9651-9269-4111-a1ab-8a6c28fc8afe","properties":{"category":"transit-centre","designation":"Transit Centre","priority":null,"source":"Municipal_Development_Plan_Primary_Transit_Network_Points"},"geometry":{"type":"Point","coordinates":[-113.943464,50.895899]}},{"type":"Feature","id":"f582c742-bd30-41dc-8923-8329b424cddc","properties":{"category":"hub","designation":"Primary Transit Hub","priority":null,"source":"Municipal_Development_Plan_Primary_Transit_Network_Points"},"geometry":{"type":"Point","coordinates":[-114.071912,50.979805]}},{"type":"Feature","id":"f5c93150-a015-4375-99fb-dc875fdf6d26","properties":{"category":"hub","designation":"Primary Transit Hub","priority":null,"source":"Municipal_Development_Plan_Primary_Transit_Network_Points"},"geometry":{"type":"Point","coordinates":[-113.947195,51.12651]}},{"type":"Feature","id":"f84e23a9-236c-483b-bd6a-60e81911601f","properties":{"category":"primary-transit","designation":"Primary Transit Network","priority":null,"source":"Municipal_Development_Plan_Primary_Transit_Network_Lines"},"geometry":{"type":"LineString","coordinates":[[-114.046972,50.864673],[-114.047429,50.864611],[-114.047884,50.864543],[-114.048337,50.864469],[-114.048788,50.86439],[-114.049236,50.864305],[-114.049681,50.864215],[-114.050124,50.864119],[-114.050563,50.864018],[-114.051301,50.863857],[-114.05204,50.863701],[-114.052782,50.863549],[-114.053526,50.863401],[-114.05392,50.863339],[-114.054316,50.863283],[-114.054715,50.863234],[-114.055115,50.863191],[-114.055517,50.863155],[-114.05592,50.863125],[-114.056324,50.863102],[-114.056729,50.863086],[-114.057135,50.863076],[-114.05754,50.863073],[-114.057946,50.863077],[-114.058352,50.863088],[-114.070909,50.863105],[-114.070858,50.877896],[-114.070845,50.884267],[-114.070868,50.884676],[-114.070902,50.885086],[-114.070946,50.885495],[-114.071001,50.885904],[-114.071066,50.886311],[-114.071143,50.886719],[-114.07123,50.887125],[-114.071328,50.88753],[-114.071436,50.887934],[-114.071555,50.888337],[-114.071554,50.888593],[-114.071563,50.888849],[-114.071584,50.889104],[-114.071615,50.889359],[-114.071658,50.889614],[-114.071712,50.889867],[-114.071777,50.890119],[-114.071852,50.890371],[-114.071939,50.89062],[-114.072036,50.890869],[-114.072145,50.891115],[-114.072264,50.89136],[-114.072519,50.892598]]}},{"type":"Feature","id":"f95d7a1e-7324-4e26-942e-108632f9c73f","properties":{"category":"primary-transit","designation":"Primary Transit Network","priority":null,"source":"Municipal_Development_Plan_Primary_Transit_Network_Lines"},"geometry":{"type":"LineString","coordinates":[[-114.069233,51.142381],[-114.068857,51.142203],[-114.068584,51.142102],[-114.068143,51.141968],[-114.067675,51.141854],[-114.067128,51.14175],[-114.066507,51.14168],[-114.065849,51.141646],[-114.065039,51.141663],[-114.064311,51.141676],[-114.063774,51.141676],[-114.062838,51.141598],[-114.061851,51.141467],[-114.061129,51.141375],[-114.059617,51.141229],[-114.057666,51.141122],[-114.056753,51.141102],[-114.055924,51.1411],[-114.055312,51.141121],[-114.054798,51.141164],[-114.054214,51.141243],[-114.053589,51.14135],[-114.05312,51.141458],[-114.052717,51.141572],[-114.052208,51.141734],[-114.051344,51.142014],[-114.050516,51.142234],[-114.049429,51.142445],[-114.048279,51.142642],[-114.047637,51.142677],[-114.047062,51.142692],[-114.046362,51.142698],[-114.045558,51.142676],[-114.044593,51.142619],[-114.043651,51.142511],[-114.042697,51.142367],[-114.04157,51.142201],[-114.040318,51.142002],[-114.039153,51.141791],[-114.038356,51.141675],[-114.034117,51.140993],[-114.030466,51.14039],[-114.027763,51.13994],[-114.025842,51.13967],[-114.024817,51.139571],[-114.023598,51.139502],[-114.02186,51.139458],[-114.015033,51.139514],[-114.004067,51.139584],[-114.001797,51.139591]]}},{"type":"Feature","id":"f9f5447b-07a4-42cf-9555-d5c9b7f56d6a","properties":{"category":"hub","designation":"Primary Transit Hub","priority":null,"source":"Municipal_Development_Plan_Primary_Transit_Network_Points"},"geometry":{"type":"Point","coordinates":[-114.069207,51.142369]}},{"type":"Feature","id":"fd29486e-4a65-4f02-ad79-6d06a40bc3a9","properties":{"category":"primary-transit","designation":"Primary Transit Network","priority":null,"source":"Municipal_Development_Plan_Primary_Transit_Network_Lines"},"geometry":{"type":"LineString","coordinates":[[-114.094707,51.024009],[-114.094698,51.029529],[-114.094698,51.030447],[-114.094699,51.031452],[-114.094703,51.034279],[-114.09471,51.035867],[-114.094721,51.036566],[-114.094724,51.037868],[-114.094724,51.040422],[-114.094729,51.041841],[-114.094683,51.042319],[-114.09469,51.04327],[-114.094716,51.044215],[-114.094671,51.046115],[-114.094708,51.047402],[-114.0947,51.048202],[-114.09472,51.048873],[-114.094736,51.049528],[-114.094722,51.051288],[-114.09471,51.052523],[-114.094718,51.054575],[-114.094729,51.057517],[-114.094734,51.060823],[-114.094726,51.064216],[-114.094707,51.065142],[-114.094735,51.067141],[-114.094743,51.068756],[-114.094728,51.069848],[-114.09475,51.070536],[-114.094743,51.071432],[-114.094745,51.073255],[-114.094748,51.074284],[-114.094751,51.074878],[-114.094754,51.075402],[-114.09475,51.07629],[-114.094749,51.07701],[-114.094749,51.077813],[-114.094748,51.07837],[-114.094748,51.079028],[-114.094747,51.079707],[-114.094747,51.080433],[-114.094746,51.081056],[-114.094749,51.08171],[-114.094754,51.082405],[-114.094755,51.083052]]}},{"type":"Feature","id":"fe8a0427-365f-4cb9-8cbf-68289e3609d9","properties":{"category":"primary-transit","designation":"Primary Transit Network","priority":null,"source":"Municipal_Development_Plan_Primary_Transit_Network_Lines"},"geometry":{"type":"LineString","coordinates":[[-114.129364,51.197798],[-114.129388,51.19708],[-114.140512,51.197043],[-114.140513,51.196123],[-114.153139,51.196102],[-114.153143,51.197193],[-114.163741,51.197174],[-114.163741,51.196423],[-114.169532,51.196432],[-114.169923,51.196399],[-114.170313,51.19636],[-114.170701,51.196315],[-114.171088,51.196263],[-114.171472,51.196206],[-114.171853,51.196142],[-114.172233,51.196073],[-114.172438,51.195994],[-114.172638,51.195909],[-114.172833,51.19582],[-114.173021,51.195725],[-114.173203,51.195625],[-114.173378,51.195521],[-114.173546,51.195412],[-114.173706,51.195299],[-114.173859,51.195182],[-114.174004,51.19506],[-114.17414,51.194936],[-114.174268,51.194807],[-114.174388,51.194675],[-114.174498,51.194541],[-114.1746,51.194403],[-114.174702,51.194279],[-114.174814,51.194157],[-114.174934,51.194039],[-114.175064,51.193925],[-114.175202,51.193815],[-114.175349,51.19371],[-114.175504,51.193609],[-114.175666,51.193512],[-114.175836,51.193421],[-114.176012,51.193335],[-114.176195,51.193255],[-114.176367,51.19318],[-114.176545,51.19311],[-114.176729,51.193047],[-114.176918,51.192989],[-114.177111,51.192938],[-114.177309,51.192894],[-114.177509,51.192856],[-114.177713,51.192825],[-114.177919,51.1928],[-114.178127,51.192783],[-114.20151,51.192689],[-114.201778,51.192635],[-114.202042,51.192574],[-114.202301,51.192507],[-114.202557,51.192433],[-114.202807,51.192353],[-114.203052,51.192267],[-114.203291,51.192174],[-114.203525,51.192076],[-114.203751,51.191971],[-114.203971,51.191861],[-114.204184,51.191746],[-114.204389,51.191625],[-114.204586,51.1915],[-114.204775,51.191369],[-114.204956,51.191234],[-114.205128,51.191094],[-114.20529,51.19095],[-114.205444,51.190802],[-114.205587,51.190651],[-114.205721,51.190495],[-114.205845,51.190337],[-114.205959,51.190175],[-114.206062,51.190011],[-114.206155,51.189845],[-114.206237,51.189676],[-114.206228,51.18321],[-114.20622,51.181569],[-114.211039,51.181567],[-114.210914,51.165989]]}}],"sourceFeatureCount":189}
